Workbook

Sheet Tennessee counties
A1: county | B1: 1900 population | C1: 1910 | D1: 1920 | E1: 1930 | F1: 1940 | G1: 1950 | H1: 1960
A2: Anderson | B2: 17634 | C2: 17717 | D2: 18298 | E2: 19722 | F2: 26504 | G2: 59407 | H2: 60032
A3: Bedford | B3: 23845 | C3: 22667 | D3: 21737 | E3: 21077 | F3: 23151 | G3: 23627 | H3: 23150
A4: Benton | B4: 11888 | C4: 12452 | D4: 12046 | E4: 11237 | F4: 11976 | G4: 11495 | H4: 10662
A5: Bledsoe | B5: 6626 | C5: 6329 | D5: 7218 | E5: 7128 | F5: 8358 | G5: 8561 | H5: 7811
A6: Blount | B6: 19206 | C6: 20809 | D6: 28800 | E6: 33989 | F6: 41116 | G6: 54691 | H6: 57525
A7: Bradley | B7: 15759 | C7: 16336 | D7: 18652 | E7: 22870 | F7: 28498 | G7: 32338 | H7: 38324
A8: Campbell | B8: 17317 | C8: 27387 | D8: 28265 | E8: 26827 | F8: 31131 | G8: 34369 | H8: 27936
A9: Cannon | B9: 12121 | C9: 10825 | D9: 10241 | E9: 8935 | F9: 9880 | G9: 9174 | H9: 8537
A10: Carroll | B10: 24250 | C10: 23971 | D10: 24361 | E10: 26132 | F10: 25978 | G10: 26553 | H10: 23476
A11: Carter | B11: 16688 | C11: 19838 | D11: 21488 | E11: 29223 | F11: 35127 | G11: 42432 | H11: 41578
A12: Cheatham | B12: 10112 | C12: 10540 | D12: 10039 | E12: 9025 | F12: 9928 | G12: 9167 | H12: 9428
A13: Chester | B13: 9896 | C13: 9090 | D13: 9669 | E13: 10603 | F13: 11124 | G13: 11149 | H13: 9569
... A33: Hamblen | B33: 12728 | C33: 13650 | D33: 15056 | E33: 16616 | F33: 18611 | G33: 23976 | H33: 33092
A34: Hamilton | B34: =61695+5407 -> 67102 | C34: =89267+5210 -> 94477 | D34: 115954 | E34: 159497 | F34: 180478 | G34: 208255 | H34: 237905
A35: Hancock | B35: 11147 | C35: 10778 | D35: 10454 | E35: 9673 | F35: 11231 | G35: 9116 | H35: 7757
A36: Hardeman | B36: 22976 | C36: 23011 | D36: 22278 | E36: 22193 | F36: 23590 | G36: 23311 | H36: 21517
A37: Hardin | B37: 19246 | C37: 17521 | D37: 17291 | E37: 16213 | F37: 17806 | G37: 16908 | H37: 17397
A38: Hawkins | B38: 24267 | C38: 23587 | D38: 22918 | E38: 24117 | F38: 28523 | G38: 30494 | H38: 30468
A39: Haywood | B39: 25189 | C39: 25910 | D39: 25386 | E39: 26063 | F39: 27699 | G39: 26212 | H39: 23393
A40: Henderson | B40: 18117 | C40: 17030 | D40: 18436 | E40: 17655 | F40: 19220 | G40: 17173 | H40: 16115
A41: Henry | B41: 24208 | C41: 25434 | D41: 27151 | E41: 26432 | F41: 25877 | G41: 23828 | H41: 22275
A42: Hickman | B42: 16367 | C42: 16527 | D42: 16216 | E42: 13613 | F42: 14873 | G42: 13353 | H42: 11862
A43: Houston | B43: 6476 | C43: 6224 | D43: 6212 | E43: 5555 | F43: 6432 | G43: 5318 | H43: 4794
A44: Humphreys | B44: 13398 | C44: 13908 | D44: 13482 | E44: 12039 | F44: 12421 | G44: 11030 | H44: 11511
A45: Jackson | B45: 15039 | C45: 15036 | D45: 14955 | E45: 13589 | F45: 15082 | G45: 12348 | H45: 9233
A46: Jefferson | B46: 18590 | C46: 17755 | D46: 17677 | E46: 17914 | F46: 18621 | G46: 19667 | H46: 21493
... A96: Wilson | B96: 27078 | C96: 25394 | D96: 26241 | E96: 23929 | F96: 25267 | G96: 26318 | H96: 27668
C98: Note James county was abolished in 1919 and merged with Hamilton County. James population is added to Hamilton in 1900 and 1910 in this table.

Sheet House districts
A1: county | B1: seats | C1: 1900 population | D1: ideal population | E1: deviation | F1: 1910 | G1: ideal population | H1: deviation | I1: 1920 | J1: ideal population | K1: deviation | L1: 1930 | M1: ideal population | N1: deviation | O1: 1940 | P1: ideal population | Q1: deviation | R1: 1950 | S1: ideal population | T1: deviation | U1: 1960 | V1: ideal population | W1: deviation
A2: Bedford | B2: 1 | C2: ='Tennessee counties'!B3 -> 23845 | D2: =SUM('Tennessee counties'!B2:B96)/99 -> 20410.263 | E2: =C2-D2 -> 3434.7374 | F2: ='Tennessee counties'!C3 -> 22667 | G2: =SUM('Tennessee counties'!C2:C96)/99 -> 22068.576 | H2: =F2-G2 -> 598.42424 | I2: ='Tennessee counties'!D3 -> 21737 | J2: =SUM('Tennessee counties'!D2:D96)/99 -> 23615 | K2: =I2-J2 -> -1878 | L2: ='Tennessee counties'!E3 -> 21077 | M2: =SUM('Tennessee counties'!E2:E96)/99 -> 26429.859 | N2: =L2-M2 -> -5352.8586 | O2: ='Tennessee counties'!F3 -> 23151 | P2: =SUM('Tennessee counties'!F2:F96)/99 -> 29452.939 | Q2: =O2-P2 -> -6301.9394 | R2: ='Tennessee counties'!G3 -> 23627 | S2: =SUM('Tennessee counties'!G2:G96)/99 -> 33249.677 | T2: =R2-S2 -> -9622.6768 | U2: ='Tennessee counties'!H3 -> 23150 | V2: =SUM('Tennessee counties'!H2:H96)/99 -> 36031.202 | W2: =U2-V2 -> -12881.202
A3: Blount | B3: 1 | C3: ='Tennessee counties'!B4 -> 11888 | D3: =$D$2 -> 20410.263 | E3: =C3-D3 -> -8522.2626 | F3: ='Tennessee counties'!C4 -> 12452 | G3: =$G$2 -> 22068.576 | H3: =F3-G3 -> -9616.5758 | I3: ='Tennessee counties'!D6 -> 28800 | J3: =$J$2 -> 23615 | K3: =I3-J3 -> 5185 | L3: ='Tennessee counties'!E6 -> 33989 | M3: =$M$2 -> 26429.859 | N3: =L3-M3 -> 7559.1414 | O3: ='Tennessee counties'!F6 -> 41116 | P3: =$P$2 -> 29452.939 | Q3: =O3-P3 -> 11663.061 | R3: ='Tennessee counties'!G6 -> 54691 | S3: =$S$2 -> 33249.677 | T3: =R3-S3 -> 21441.323 | U3: ='Tennessee counties'!H6 -> 57525 | V3: =$V$2 -> 36031.202 | W3: =U3-V3 -> 21493.798
A4: Cannon | B4: 1 | C4: ='Tennessee counties'!B5 -> 6626 | D4: =$D$2 -> 20410.263 | E4: =C4-D4 -> -13784.263 | F4: ='Tennessee counties'!C5 -> 6329 | G4: =$G$2 -> 22068.576 | H4: =F4-G4 -> -15739.576 | I4: ='Tennessee counties'!D9 -> 10241 | J4: =$J$2 -> 23615 | K4: =I4-J4 -> -13374 | L4: ='Tennessee counties'!E9 -> 8935 | M4: =$M$2 -> 26429.859 | N4: =L4-M4 -> -17494.859 | O4: ='Tennessee counties'!F9 -> 9880 | P4: =$P$2 -> 29452.939 | Q4: =O4-P4 -> -19572.939 | R4: ='Tennessee counties'!G9 -> 9174 | S4: =$S$2 -> 33249.677 | T4: =R4-S4 -> -24075.677 | U4: ='Tennessee counties'!H9 -> 8537 | V4: =$V$2 -> 36031.202 | W4: =U4-V4 -> -27494.202
A5: Carroll | B5: 1 | C5: ='Tennessee counties'!B6 -> 19206 | D5: =$D$2 -> 20410.263 | E5: =C5-D5 -> -1204.2626 | F5: ='Tennessee counties'!C6 -> 20809 | G5: =$G$2 -> 22068.576 | H5: =F5-G5 -> -1259.5758 | I5: ='Tennessee counties'!D10 -> 24361 | J5: =$J$2 -> 23615 | K5: =I5-J5 -> 746 | L5: ='Tennessee counties'!E10 -> 26132 | M5: =$M$2 -> 26429.859 | N5: =L5-M5 -> -297.85859 | O5: ='Tennessee counties'!F10 -> 25978 | P5: =$P$2 -> 29452.939 | Q5: =O5-P5 -> -3474.9394 | R5: ='Tennessee counties'!G10 -> 26553 | S5: =$S$2 -> 33249.677 | T5: =R5-S5 -> -6696.6768 | U5: ='Tennessee counties'!H10 -> 23476 | V5: =$V$2 -> 36031.202 | W5: =U5-V5 -> -12555.202
A6: Chester | B6: 1 | C6: ='Tennessee counties'!B7 -> 15759 | D6: =$D$2 -> 20410.263 | E6: =C6-D6 -> -4651.2626 | F6: ='Tennessee counties'!C7 -> 16336 | G6: =$G$2 -> 22068.576 | H6: =F6-G6 -> -5732.5758 | I6: ='Tennessee counties'!D13 -> 9669 | J6: =$J$2 -> 23615 | K6: =I6-J6 -> -13946 | L6: ='Tennessee counties'!E13 -> 10603 | M6: =$M$2 -> 26429.859 | N6: =L6-M6 -> -15826.859 | O6: ='Tennessee counties'!F13 -> 11124 | P6: =$P$2 -> 29452.939 | Q6: =O6-P6 -> -18328.939 | R6: ='Tennessee counties'!G13 -> 11149 | S6: =$S$2 -> 33249.677 | T6: =R6-S6 -> -22100.677 | U6: ='Tennessee counties'!H13 -> 9569 | V6: =$V$2 -> 36031.202 | W6: =U6-V6 -> -26462.202
A7: Cocke | B7: 1 | C7: ='Tennessee counties'!B8 -> 17317 | D7: =$D$2 -> 20410.263 | E7: =C7-D7 -> -3093.2626 | F7: ='Tennessee counties'!C8 -> 27387 | G7: =$G$2 -> 22068.576 | H7: =F7-G7 -> 5318.4242 | I7: ='Tennessee counties'!D16 -> 20782 | J7: =$J$2 -> 23615 | K7: =I7-J7 -> -2833 | L7: ='Tennessee counties'!E16 -> 21775 | M7: =$M$2 -> 26429.859 | N7: =L7-M7 -> -4654.8586 | O7: ='Tennessee counties'!F16 -> 24083 | P7: =$P$2 -> 29452.939 | Q7: =O7-P7 -> -5369.9394 | R7: ='Tennessee counties'!G16 -> 22991 | S7: =$S$2 -> 33249.677 | T7: =R7-S7 -> -10258.677 | U7: ='Tennessee counties'!H16 -> 23390 | V7: =$V$2 -> 36031.202 | W7: =U7-V7 -> -12641.202
A8: Claiborne | B8: 1 | C8: ='Tennessee counties'!B9 -> 12121 | D8: =$D$2 -> 20410.263 | E8: =C8-D8 -> -8289.2626 | F8: ='Tennessee counties'!C9 -> 10825 | G8: =$G$2 -> 22068.576 | H8: =F8-G8 -> -11243.576 | I8: ='Tennessee counties'!D14 -> 23286 | J8: =$J$2 -> 23615 | K8: =I8-J8 -> -329 | L8: ='Tennessee counties'!E14 -> 24313 | M8: =$M$2 -> 26429.859 | N8: =L8-M8 -> -2116.8586 | O8: ='Tennessee counties'!F14 -> 24657 | P8: =$P$2 -> 29452.939 | Q8: =O8-P8 -> -4795.9394 | R8: ='Tennessee counties'!G14 -> 24788 | S8: =$S$2 -> 33249.677 | T8: =R8-S8 -> -8461.6768 | U8: ='Tennessee counties'!H14 -> 19067 | V8: =$V$2 -> 36031.202 | W8: =U8-V8 -> -16964.202
A9: Coffee | B9: 1 | C9: ='Tennessee counties'!B10 -> 24250 | D9: =$D$2 -> 20410.263 | E9: =C9-D9 -> 3839.7374 | F9: ='Tennessee counties'!C10 -> 23971 | G9: =$G$2 -> 22068.576 | H9: =F9-G9 -> 1902.4242 | I9: ='Tennessee counties'!D17 -> 17344 | J9: =$J$2 -> 23615 | K9: =I9-J9 -> -6271 | L9: ='Tennessee counties'!E17 -> 16801 | M9: =$M$2 -> 26429.859 | N9: =L9-M9 -> -9628.8586 | O9: ='Tennessee counties'!F17 -> 18959 | P9: =$P$2 -> 29452.939 | Q9: =O9-P9 -> -10493.939 | R9: ='Tennessee counties'!G17 -> 23049 | S9: =$S$2 -> 33249.677 | T9: =R9-S9 -> -10200.677 | U9: ='Tennessee counties'!H17 -> 28603 | V9: =$V$2 -> 36031.202 | W9: =U9-V9 -> -7428.202
A10: Crockett | B10: 1 | C10: ='Tennessee counties'!B11 -> 16688 | D10: =$D$2 -> 20410.263 | E10: =C10-D10 -> -3722.2626 | F10: ='Tennessee counties'!C11 -> 19838 | G10: =$G$2 -> 22068.576 | H10: =F10-G10 -> -2230.5758 | I10: ='Tennessee counties'!D18 -> 17438 | J10: =$J$2 -> 23615 | K10: =I10-J10 -> -6177 | L10: ='Tennessee counties'!E18 -> 17359 | M10: =$M$2 -> 26429.859 | N10: =L10-M10 -> -9070.8586 | O10: ='Tennessee counties'!F18 -> 17330 | P10: =$P$2 -> 29452.939 | Q10: =O10-P10 -> -12122.939 | R10: ='Tennessee counties'!G18 -> 16624 | S10: =$S$2 -> 33249.677 | T10: =R10-S10 -> -16625.677 | U10: ='Tennessee counties'!H18 -> 14594 | V10: =$V$2 -> 36031.202 | W10: =U10-V10 -> -21437.202
A11: DeKalb | B11: 1 | C11: ='Tennessee counties'!B12 -> 10112 | D11: =$D$2 -> 20410.263 | E11: =C11-D11 -> -10298.263 | F11: ='Tennessee counties'!C12 -> 10540 | G11: =$G$2 -> 22068.576 | H11: =F11-G11 -> -11528.576 | I11: ='Tennessee counties'!D22 -> 15370 | J11: =$J$2 -> 23615 | K11: =I11-J11 -> -8245 | L11: ='Tennessee counties'!E22 -> 14213 | M11: =$M$2 -> 26429.859 | N11: =L11-M11 -> -12216.859 | O11: ='Tennessee counties'!F22 -> 14588 | P11: =$P$2 -> 29452.939 | Q11: =O11-P11 -> -14864.939 | R11: ='Tennessee counties'!G22 -> 11680 | S11: =$S$2 -> 33249.677 | T11: =R11-S11 -> -21569.677 | U11: ='Tennessee counties'!H22 -> 10774 | V11: =$V$2 -> 36031.202 | W11: =U11-V11 -> -25257.202
A12: Dickson | B12: 1 | C12: ='Tennessee counties'!B13 -> 9896 | D12: =$D$2 -> 20410.263 | E12: =C12-D12 -> -10514.263 | F12: ='Tennessee counties'!C13 -> 9090 | G12: =$G$2 -> 22068.576 | H12: =F12-G12 -> -12978.576 | I12: ='Tennessee counties'!D23 -> 19342 | J12: =$J$2 -> 23615 | K12: =I12-J12 -> -4273 | L12: ='Tennessee counties'!E23 -> 18491 | M12: =$M$2 -> 26429.859 | N12: =L12-M12 -> -7938.8586 | O12: ='Tennessee counties'!F23 -> 19718 | P12: =$P$2 -> 29452.939 | Q12: =O12-P12 -> -9734.9394 | R12: ='Tennessee counties'!G23 -> 18805 | S12: =$S$2 -> 33249.677 | T12: =R12-S12 -> -14444.677 | U12: ='Tennessee counties'!H23 -> 18839 | V12: =$V$2 -> 36031.202 | W12: =U12-V12 -> -17192.202
A13: Dyer | B13: 1 | C13: ='Tennessee counties'!B14 -> 20696 | D13: =$D$2 -> 20410.263 | E13: =C13-D13 -> 285.73737 | F13: ='Tennessee counties'!C14 -> 23504 | G13: =$G$2 -> 22068.576 | H13: =F13-G13 -> 1435.4242 | I13: ='Tennessee counties'!D24 -> 29983 | J13: =$J$2 -> 23615 | K13: =I13-J13 -> 6368 | L13: ='Tennessee counties'!E24 -> 31405 | M13: =$M$2 -> 26429.859 | N13: =L13-M13 -> 4975.1414 | O13: ='Tennessee counties'!F24 -> 34920 | P13: =$P$2 -> 29452.939 | Q13: =O13-P13 -> 5467.0606 | R13: ='Tennessee counties'!G24 -> 33473 | S13: =$S$2 -> 33249.677 | T13: =R13-S13 -> 223.32323 | U13: ='Tennessee counties'!H24 -> 29537 | V13: =$V$2 -> 36031.202 | W13: =U13-V13 -> -6494.202
A14: Fayette | B14: 1 | C14: ='Tennessee counties'!B15 -> 8421 | D14: =$D$2 -> 20410.263 | E14: =C14-D14 -> -11989.263 | F14: ='Tennessee counties'!C15 -> 9009 | G14: =$G$2 -> 22068.576 | H14: =F14-G14 -> -13059.576 | I14: ='Tennessee counties'!D25 -> 31499 | J14: =$J$2 -> 23615 | K14: =I14-J14 -> 7884 | L14: ='Tennessee counties'!E25 -> 28891 | M14: =$M$2 -> 26429.859 | N14: =L14-M14 -> 2461.1414 | O14: ='Tennessee counties'!F25 -> 30322 | P14: =$P$2 -> 29452.939 | Q14: =O14-P14 -> 869.06061 | R14: ='Tennessee counties'!G25 -> 27535 | S14: =$S$2 -> 33249.677 | T14: =R14-S14 -> -5714.6768 | U14: ='Tennessee counties'!H25 -> 24577 | V14: =$V$2 -> 36031.202 | W14: =U14-V14 -> -11454.202
A15: Franklin | B15: 1 | C15: ='Tennessee counties'!B16 -> 19153 | D15: =$D$2 -> 20410.263 | E15: =C15-D15 -> -1257.2626 | F15: ='Tennessee counties'!C16 -> 19399 | G15: =$G$2 -> 22068.576 | H15: =F15-G15 -> -2669.5758 | I15: ='Tennessee counties'!D27 -> 20641 | J15: =$J$2 -> 23615 | K15: =I15-J15 -> -2974 | L15: ='Tennessee counties'!E27 -> 21796 | M15: =$M$2 -> 26429.859 | N15: =L15-M15 -> -4633.8586 | O15: ='Tennessee counties'!F27 -> 23892 | P15: =$P$2 -> 29452.939 | Q15: =O15-P15 -> -5560.9394 | R15: ='Tennessee counties'!G27 -> 25431 | S15: =$S$2 -> 33249.677 | T15: =R15-S15 -> -7818.6768 | U15: ='Tennessee counties'!H27 -> 25528 | V15: =$V$2 -> 36031.202 | W15: =U15-V15 -> -10503.202
A16: Giles | B16: 1 | C16: ='Tennessee counties'!B17 -> 15574 | D16: =$D$2 -> 20410.263 | E16: =C16-D16 -> -4836.2626 | F16: ='Tennessee counties'!C17 -> 15625 | G16: =$G$2 -> 22068.576 | H16: =F16-G16 -> -6443.5758 | I16: ='Tennessee counties'!D29 -> 30948 | J16: =$J$2 -> 23615 | K16: =I16-J16 -> 7333 | L16: ='Tennessee counties'!E29 -> 28016 | M16: =$M$2 -> 26429.859 | N16: =L16-M16 -> 1586.1414 | O16: ='Tennessee counties'!F29 -> 29240 | P16: =$P$2 -> 29452.939 | Q16: =O16-P16 -> -212.93939 | R16: ='Tennessee counties'!G29 -> 26961 | S16: =$S$2 -> 33249.677 | T16: =R16-S16 -> -6288.6768 | U16: ='Tennessee counties'!H29 -> 22410 | V16: =$V$2 -> 36031.202 | W16: =U16-V16 -> -13621.202
A17: Greene | B17: 1 | C17: ='Tennessee counties'!B18 -> 15867 | D17: =$D$2 -> 20410.263 | E17: =C17-D17 -> -4543.2626 | F17: ='Tennessee counties'!C18 -> 16076 | G17: =$G$2 -> 22068.576 | H17: =F17-G17 -> -5992.5758 | I17: ='Tennessee counties'!D31 -> 32824 | J17: =$J$2 -> 23615 | K17: =I17-J17 -> 9209 | L17: ='Tennessee counties'!E31 -> 35119 | M17: =$M$2 -> 26429.859 | N17: =L17-M17 -> 8689.1414 | O17: ='Tennessee counties'!F31 -> 39405 | P17: =$P$2 -> 29452.939 | Q17: =O17-P17 -> 9952.0606 | R17: ='Tennessee counties'!G31 -> 41048 | S17: =$S$2 -> 33249.677 | T17: =R17-S17 -> 7798.3232 | U17: ='Tennessee counties'!H31 -> 42163 | V17: =$V$2 -> 36031.202 | W17: =U17-V17 -> 6131.798
A18: Hardeman | B18: 1 | C18: ='Tennessee counties'!B19 -> 8311 | D18: =$D$2 -> 20410.263 | E18: =C18-D18 -> -12099.263 | F18: ='Tennessee counties'!C19 -> 9327 | G18: =$G$2 -> 22068.576 | H18: =F18-G18 -> -12741.576 | I18: ='Tennessee counties'!D36 -> 22278 | J18: =$J$2 -> 23615 | K18: =I18-J18 -> -1337 | L18: ='Tennessee counties'!E36 -> 22193 | M18: =$M$2 -> 26429.859 | N18: =L18-M18 -> -4236.8586 | O18: ='Tennessee counties'!F36 -> 23590 | P18: =$P$2 -> 29452.939 | Q18: =O18-P18 -> -5862.9394 | R18: ='Tennessee counties'!G36 -> 23311 | S18: =$S$2 -> 33249.677 | T18: =R18-S18 -> -9938.6768 | U18: ='Tennessee counties'!H36 -> 21517 | V18: =$V$2 -> 36031.202 | W18: =U18-V18 -> -14514.202
A19: Hardin | B19: 1 | C19: ='Tennessee counties'!B20 -> 122815 | D19: =$D$2 -> 20410.263 | E19: =C19-D19 -> 102404.74 | F19: ='Tennessee counties'!C20 -> 149478 | G19: =$G$2 -> 22068.576 | H19: =F19-G19 -> 127409.42 | I19: ='Tennessee counties'!D37 -> 17291 | J19: =$J$2 -> 23615 | K19: =I19-J19 -> -6324 | L19: ='Tennessee counties'!E37 -> 16213 | M19: =$M$2 -> 26429.859 | N19: =L19-M19 -> -10216.859 | O19: ='Tennessee counties'!F37 -> 17806 | P19: =$P$2 -> 29452.939 | Q19: =O19-P19 -> -11646.939 | R19: ='Tennessee counties'!G37 -> 16908 | S19: =$S$2 -> 33249.677 | T19: =R19-S19 -> -16341.677 | U19: ='Tennessee counties'!H37 -> 17397 | V19: =$V$2 -> 36031.202 | W19: =U19-V19 -> -18634.202
A20: Henry | B20: 1 | C20: ='Tennessee counties'!B21 -> 10439 | D20: =$D$2 -> 20410.263 | E20: =C20-D20 -> -9971.2626 | F20: ='Tennessee counties'!C21 -> 10093 | G20: =$G$2 -> 22068.576 | H20: =F20-G20 -> -11975.576 | I20: ='Tennessee counties'!D41 -> 27151 | J20: =$J$2 -> 23615 | K20: =I20-J20 -> 3536 | L20: ='Tennessee counties'!E41 -> 26432 | M20: =$M$2 -> 26429.859 | N20: =L20-M20 -> 2.1414141 | O20: ='Tennessee counties'!F41 -> 25877 | P20: =$P$2 -> 29452.939 | Q20: =O20-P20 -> -3575.9394 | R20: ='Tennessee counties'!G41 -> 23828 | S20: =$S$2 -> 33249.677 | T20: =R20-S20 -> -9421.6768 | U20: ='Tennessee counties'!H41 -> 22275 | V20: =$V$2 -> 36031.202 | W20: =U20-V20 -> -13756.202
A21: Hickman | B21: 1 | C21: ='Tennessee counties'!B22 -> 16460 | D21: =$D$2 -> 20410.263 | E21: =C21-D21 -> -3950.2626 | F21: ='Tennessee counties'!C22 -> 15434 | G21: =$G$2 -> 22068.576 | H21: =F21-G21 -> -6634.5758 | I21: ='Tennessee counties'!D42 -> 16216 | J21: =$J$2 -> 23615 | K21: =I21-J21 -> -7399 | L21: ='Tennessee counties'!E42 -> 13613 | M21: =$M$2 -> 26429.859 | N21: =L21-M21 -> -12816.859 | O21: ='Tennessee counties'!F42 -> 14873 | P21: =$P$2 -> 29452.939 | Q21: =O21-P21 -> -14579.939 | R21: ='Tennessee counties'!G42 -> 13353 | S21: =$S$2 -> 33249.677 | T21: =R21-S21 -> -19896.677 | U21: ='Tennessee counties'!H42 -> 11862 | V21: =$V$2 -> 36031.202 | W21: =U21-V21 -> -24169.202
A22: Hawkins | B22: 1 | C22: ='Tennessee counties'!B23 -> 18635 | D22: =$D$2 -> 20410.263 | E22: =C22-D22 -> -1775.2626 | F22: ='Tennessee counties'!C23 -> 19955 | G22: =$G$2 -> 22068.576 | H22: =F22-G22 -> -2113.5758 | I22: ='Tennessee counties'!D38 -> 22918 | J22: =$J$2 -> 23615 | K22: =I22-J22 -> -697 | L22: ='Tennessee counties'!E38 -> 24117 | M22: =$M$2 -> 26429.859 | N22: =L22-M22 -> -2312.8586 | O22: ='Tennessee counties'!F38 -> 28523 | P22: =$P$2 -> 29452.939 | Q22: =O22-P22 -> -929.93939 | R22: ='Tennessee counties'!G38 -> 30494 | S22: =$S$2 -> 33249.677 | T22: =R22-S22 -> -2755.6768 | U22: ='Tennessee counties'!H38 -> 30468 | V22: =$V$2 -> 36031.202 | W22: =U22-V22 -> -5563.202
A23: Haywood | B23: 1 | C23: ='Tennessee counties'!B24 -> 23776 | D23: =$D$2 -> 20410.263 | E23: =C23-D23 -> 3365.7374 | F23: ='Tennessee counties'!C24 -> 27721 | G23: =$G$2 -> 22068.576 | H23: =F23-G23 -> 5652.4242 | I23: ='Tennessee counties'!D39 -> 25386 | J23: =$J$2 -> 23615 | K23: =I23-J23 -> 1771 | L23: ='Tennessee counties'!E39 -> 26063 | M23: =$M$2 -> 26429.859 | N23: =L23-M23 -> -366.85859 | O23: ='Tennessee counties'!F39 -> 27699 | P23: =$P$2 -> 29452.939 | Q23: =O23-P23 -> -1753.9394 | R23: ='Tennessee counties'!G39 -> 26212 | S23: =$S$2 -> 33249.677 | T23: =R23-S23 -> -7037.6768 | U23: ='Tennessee counties'!H39 -> 23393 | V23: =$V$2 -> 36031.202 | W23: =U23-V23 -> -12638.202
A24: Jackson | B24: 1 | C24: ='Tennessee counties'!B25 -> 29701 | D24: =$D$2 -> 20410.263 | E24: =C24-D24 -> 9290.7374 | F24: ='Tennessee counties'!C25 -> 30257 | G24: =$G$2 -> 22068.576 | H24: =F24-G24 -> 8188.4242 | I24: ='Tennessee counties'!D45 -> 14955 | J24: =$J$2 -> 23615 | K24: =I24-J24 -> -8660 | L24: ='Tennessee counties'!E45 -> 13589 | M24: =$M$2 -> 26429.859 | N24: =L24-M24 -> -12840.859 | O24: ='Tennessee counties'!F45 -> 15082 | P24: =$P$2 -> 29452.939 | Q24: =O24-P24 -> -14370.939 | R24: ='Tennessee counties'!G45 -> 12348 | S24: =$S$2 -> 33249.677 | T24: =R24-S24 -> -20901.677 | U24: ='Tennessee counties'!H45 -> 9233 | V24: =$V$2 -> 36031.202 | W24: =U24-V24 -> -26798.202
A25: Lake | B25: 1 | C25: ='Tennessee counties'!B26 -> 6106 | D25: =$D$2 -> 20410.263 | E25: =C25-D25 -> -14304.263 | F25: ='Tennessee counties'!C26 -> 7446 | G25: =$G$2 -> 22068.576 | H25: =F25-G25 -> -14622.576 | I25: ='Tennessee counties'!D49 -> 9075 | J25: =$J$2 -> 23615 | K25: =I25-J25 -> -14540 | L25: ='Tennessee counties'!E49 -> 10486 | M25: =$M$2 -> 26429.859 | N25: =L25-M25 -> -15943.859 | O25: ='Tennessee counties'!F49 -> 11235 | P25: =$P$2 -> 29452.939 | Q25: =O25-P25 -> -18217.939 | R25: ='Tennessee counties'!G49 -> 11655 | S25: =$S$2 -> 33249.677 | T25: =R25-S25 -> -21594.677 | U25: ='Tennessee counties'!H49 -> 9572 | V25: =$V$2 -> 36031.202 | W25: =U25-V25 -> -26459.202
A26: Lauderdale | B26: 1 | C26: ='Tennessee counties'!B27 -> 20392 | D26: =$D$2 -> 20410.263 | E26: =C26-D26 -> -18.262626 | F26: ='Tennessee counties'!C27 -> 20491 | G26: =$G$2 -> 22068.576 | H26: =F26-G26 -> -1577.5758 | I26: ='Tennessee counties'!D50 -> 21494 | J26: =$J$2 -> 23615 | K26: =I26-J26 -> -2121 | L26: ='Tennessee counties'!E50 -> 23406 | M26: =$M$2 -> 26429.859 | N26: =L26-M26 -> -3023.8586 | O26: ='Tennessee counties'!F50 -> 24461 | P26: =$P$2 -> 29452.939 | Q26: =O26-P26 -> -4991.9394 | R26: ='Tennessee counties'!G50 -> 25047 | S26: =$S$2 -> 33249.677 | T26: =R26-S26 -> -8202.6768 | U26: ='Tennessee counties'!H50 -> 21844 | V26: =$V$2 -> 36031.202 | W26: =U26-V26 -> -14187.202
A27: Lawrence | B27: 1 | C27: ='Tennessee counties'!B28 -> 39408 | D27: =$D$2 -> 20410.263 | E27: =C27-D27 -> 18997.737 | F27: ='Tennessee counties'!C28 -> 41630 | G27: =$G$2 -> 22068.576 | H27: =F27-G27 -> 19561.424 | I27: ='Tennessee counties'!D51 -> 23593 | J27: =$J$2 -> 23615 | K27: =I27-J27 -> -22 | L27: ='Tennessee counties'!E51 -> 26776 | M27: =$M$2 -> 26429.859 | N27: =L27-M27 -> 346.14141 | O27: ='Tennessee counties'!F51 -> 28726 | P27: =$P$2 -> 29452.939 | Q27: =O27-P27 -> -726.93939 | R27: ='Tennessee counties'!G51 -> 28818 | S27: =$S$2 -> 33249.677 | T27: =R27-S27 -> -4431.6768 | U27: ='Tennessee counties'!H51 -> 28049 | V27: =$V$2 -> 36031.202 | W27: =U27-V27 -> -7982.202
A28: Lincoln | B28: 1 | C28: ='Tennessee counties'!B29 -> 33035 | D28: =$D$2 -> 20410.263 | E28: =C28-D28 -> 12624.737 | F28: ='Tennessee counties'!C29 -> 32629 | G28: =$G$2 -> 22068.576 | H28: =F28-G28 -> 10560.424 | I28: ='Tennessee counties'!D53 -> 25786 | J28: =$J$2 -> 23615 | K28: =I28-J28 -> 2171 | L28: ='Tennessee counties'!E53 -> 25422 | M28: =$M$2 -> 26429.859 | N28: =L28-M28 -> -1007.8586 | O28: ='Tennessee counties'!F53 -> 27214 | P28: =$P$2 -> 29452.939 | Q28: =O28-P28 -> -2238.9394 | R28: ='Tennessee counties'!G53 -> 25624 | S28: =$S$2 -> 33249.677 | T28: =R28-S28 -> -7625.6768 | U28: ='Tennessee counties'!H53 -> 23829 | V28: =$V$2 -> 36031.202 | W28: =U28-V28 -> -12202.202
A29: Marion | B29: 1 | C29: ='Tennessee counties'!B30 -> 15512 | D29: =$D$2 -> 20410.263 | E29: =C29-D29 -> -4898.2626 | F29: ='Tennessee counties'!C30 -> 13888 | G29: =$G$2 -> 22068.576 | H29: =F29-G29 -> -8180.5758 | I29: ='Tennessee counties'!D57 -> 14922 | J29: =$J$2 -> 23615 | K29: =I29-J29 -> -8693 | L29: ='Tennessee counties'!E57 -> 13872 | M29: =$M$2 -> 26429.859 | N29: =L29-M29 -> -12557.859 | O29: ='Tennessee counties'!F57 -> 14904 | P29: =$P$2 -> 29452.939 | Q29: =O29-P29 -> -14548.939 | R29: ='Tennessee counties'!G57 -> 13599 | S29: =$S$2 -> 33249.677 | T29: =R29-S29 -> -19650.677 | U29: ='Tennessee counties'!H57 -> 12197 | V29: =$V$2 -> 36031.202 | W29: =U29-V29 -> -23834.202
A30: Marshall | B30: 1 | C30: ='Tennessee counties'!B31 -> 30596 | D30: =$D$2 -> 20410.263 | E30: =C30-D30 -> 10185.737 | F30: ='Tennessee counties'!C31 -> 31083 | G30: =$G$2 -> 22068.576 | H30: =F30-G30 -> 9014.4242 | I30: ='Tennessee counties'!D58 -> 43824 | J30: =$J$2 -> 23615 | K30: =I30-J30 -> 20209 | L30: ='Tennessee counties'!E58 -> 51059 | M30: =$M$2 -> 26429.859 | N30: =L30-M30 -> 24629.141 | O30: ='Tennessee counties'!F58 -> 54115 | P30: =$P$2 -> 29452.939 | Q30: =O30-P30 -> 24662.061 | R30: ='Tennessee counties'!G58 -> 60128 | S30: =$S$2 -> 33249.677 | T30: =R30-S30 -> 26878.323 | U30: ='Tennessee counties'!H58 -> 60655 | V30: =$V$2 -> 36031.202 | W30: =U30-V30 -> 24623.798
A31: Maury | B31: 1 | C31: ='Tennessee counties'!B32 -> 7802 | D31: =$D$2 -> 20410.263 | E31: =C31-D31 -> -12608.263 | F31: ='Tennessee counties'!C32 -> 8322 | G31: =$G$2 -> 22068.576 | H31: =F31-G31 -> -13746.576 | I31: ='Tennessee counties'!D59 -> 17402 | J31: =$J$2 -> 23615 | K31: =I31-J31 -> -6213 | L31: ='Tennessee counties'!E59 -> 17549 | M31: =$M$2 -> 26429.859 | N31: =L31-M31 -> -8880.8586 | O31: ='Tennessee counties'!F59 -> 19140 | P31: =$P$2 -> 29452.939 | Q31: =O31-P31 -> -10312.939 | R31: ='Tennessee counties'!G59 -> 20520 | S31: =$S$2 -> 33249.677 | T31: =R31-S31 -> -12729.677 | U31: ='Tennessee counties'!H59 -> 21036 | V31: =$V$2 -> 36031.202 | W31: =U31-V31 -> -14995.202
A32: Monroe | B32: 1 | C32: ='Tennessee counties'!B33 -> 12728 | D32: =$D$2 -> 20410.263 | E32: =C32-D32 -> -7682.2626 | F32: ='Tennessee counties'!C33 -> 13650 | G32: =$G$2 -> 22068.576 | H32: =F32-G32 -> -8418.5758 | I32: ='Tennessee counties'!D63 -> 22060 | J32: =$J$2 -> 23615 | K32: =I32-J32 -> -1555 | L32: ='Tennessee counties'!E63 -> 21377 | M32: =$M$2 -> 26429.859 | N32: =L32-M32 -> -5052.8586 | O32: ='Tennessee counties'!F63 -> 24275 | P32: =$P$2 -> 29452.939 | Q32: =O32-P32 -> -5177.9394 | R32: ='Tennessee counties'!G63 -> 24513 | S32: =$S$2 -> 33249.677 | T32: =R32-S32 -> -8736.6768 | U32: ='Tennessee counties'!H63 -> 23316 | V32: =$V$2 -> 36031.202 | W32: =U32-V32 -> -12715.202
A33: Montgomery | B33: 1 | C33: ='Tennessee counties'!B34 -> 67102 | D33: =$D$2 -> 20410.263 | E33: =C33-D33 -> 46691.737 | F33: ='Tennessee counties'!C34 -> 94477 | G33: =$G$2 -> 22068.576 | H33: =F33-G33 -> 72408.424 | I33: ='Tennessee counties'!D64 -> 32265 | J33: =$J$2 -> 23615 | K33: =I33-J33 -> 8650 | L33: ='Tennessee counties'!E64 -> 30882 | M33: =$M$2 -> 26429.859 | N33: =L33-M33 -> 4452.1414 | O33: ='Tennessee counties'!F64 -> 33346 | P33: =$P$2 -> 29452.939 | Q33: =O33-P33 -> 3893.0606 | R33: ='Tennessee counties'!G64 -> 44186 | S33: =$S$2 -> 33249.677 | T33: =R33-S33 -> 10936.323 | U33: ='Tennessee counties'!H64 -> 55645 | V33: =$V$2 -> 36031.202 | W33: =U33-V33 -> 19613.798
A34: Moore | B34: 1 | C34: ='Tennessee counties'!B35 -> 11147 | D34: =$D$2 -> 20410.263 | E34: =C34-D34 -> -9263.2626 | F34: ='Tennessee counties'!C35 -> 10778 | G34: =$G$2 -> 22068.576 | H34: =F34-G34 -> -11290.576 | I34: ='Tennessee counties'!D65 -> 4491 | J34: =$J$2 -> 23615 | K34: =I34-J34 -> -19124 | L34: ='Tennessee counties'!E65 -> 4037 | M34: =$M$2 -> 26429.859 | N34: =L34-M34 -> -22392.859 | O34: ='Tennessee counties'!F65 -> 4093 | P34: =$P$2 -> 29452.939 | Q34: =O34-P34 -> -25359.939 | R34: ='Tennessee counties'!G65 -> 3948 | S34: =$S$2 -> 33249.677 | T34: =R34-S34 -> -29301.677 | U34: ='Tennessee counties'!H65 -> 3454 | V34: =$V$2 -> 36031.202 | W34: =U34-V34 -> -32577.202
A35: McMinn | B35: 1 | C35: ='Tennessee counties'!B36 -> 22976 | D35: =$D$2 -> 20410.263 | E35: =C35-D35 -> 2565.7374 | F35: ='Tennessee counties'!C36 -> 23011 | G35: =$G$2 -> 22068.576 | H35: =F35-G35 -> 942.42424 | I35: ='Tennessee counties'!D60 -> 17375 | J35: =$J$2 -> 23615 | K35: =I35-J35 -> -6240 | L35: ='Tennessee counties'!E60 -> 15574 | M35: =$M$2 -> 26429.859 | N35: =L35-M35 -> -10855.859 | O35: ='Tennessee counties'!F60 -> 16030 | P35: =$P$2 -> 29452.939 | Q35: =O35-P35 -> -13422.939 | R35: ='Tennessee counties'!G60 -> 17768 | S35: =$S$2 -> 33249.677 | T35: =R35-S35 -> -15481.677 | U35: ='Tennessee counties'!H60 -> 16859 | V35: =$V$2 -> 36031.202 | W35: =U35-V35 -> -19172.202
A36: McNairy | B36: 1 | C36: ='Tennessee counties'!B37 -> 19246 | D36: =$D$2 -> 20410.263 | E36: =C36-D36 -> -1164.2626 | F36: ='Tennessee counties'!C37 -> 17521 | G36: =$G$2 -> 22068.576 | H36: =F36-G36 -> -4547.5758 | I36: ='Tennessee counties'!D61 -> 35403 | J36: =$J$2 -> 23615 | K36: =I36-J36 -> 11788 | L36: ='Tennessee counties'!E61 -> 34016 | M36: =$M$2 -> 26429.859 | N36: =L36-M36 -> 7586.1414 | O36: ='Tennessee counties'!F61 -> 40357 | P36: =$P$2 -> 29452.939 | Q36: =O36-P36 -> 10904.061 | R36: ='Tennessee counties'!G61 -> 40368 | S36: =$S$2 -> 33249.677 | T36: =R36-S36 -> 7118.3232 | U36: ='Tennessee counties'!H61 -> 41699 | V36: =$V$2 -> 36031.202 | W36: =U36-V36 -> 5667.798
A37: Obion | B37: 1 | C37: ='Tennessee counties'!B38 -> 24267 | D37: =$D$2 -> 20410.263 | E37: =C37-D37 -> 3856.7374 | F37: ='Tennessee counties'!C38 -> 23587 | G37: =$G$2 -> 22068.576 | H37: =F37-G37 -> 1518.4242 | I37: ='Tennessee counties'!D67 -> 28393 | J37: =$J$2 -> 23615 | K37: =I37-J37 -> 4778 | L37: ='Tennessee counties'!E67 -> 29086 | M37: =$M$2 -> 26429.859 | N37: =L37-M37 -> 2656.1414 | O37: ='Tennessee counties'!F67 -> 30978 | P37: =$P$2 -> 29452.939 | Q37: =O37-P37 -> 1525.0606 | R37: ='Tennessee counties'!G67 -> 29056 | S37: =$S$2 -> 33249.677 | T37: =R37-S37 -> -4193.6768 | U37: ='Tennessee counties'!H67 -> 26957 | V37: =$V$2 -> 36031.202 | W37: =U37-V37 -> -9074.202
A38: Overton | B38: 1 | C38: ='Tennessee counties'!B39 -> 25189 | D38: =$D$2 -> 20410.263 | E38: =C38-D38 -> 4778.7374 | F38: ='Tennessee counties'!C39 -> 25910 | G38: =$G$2 -> 22068.576 | H38: =F38-G38 -> 3841.4242 | I38: ='Tennessee counties'!D68 -> 17617 | J38: =$J$2 -> 23615 | K38: =I38-J38 -> -5998 | L38: ='Tennessee counties'!E68 -> 18079 | M38: =$M$2 -> 26429.859 | N38: =L38-M38 -> -8350.8586 | O38: ='Tennessee counties'!F68 -> 18883 | P38: =$P$2 -> 29452.939 | Q38: =O38-P38 -> -10569.939 | R38: ='Tennessee counties'!G68 -> 17566 | S38: =$S$2 -> 33249.677 | T38: =R38-S38 -> -15683.677 | U38: ='Tennessee counties'!H68 -> 14661 | V38: =$V$2 -> 36031.202 | W38: =U38-V38 -> -21370.202
A39: Putnam | B39: 1 | C39: ='Tennessee counties'!B40 -> 18117 | D39: =$D$2 -> 20410.263 | E39: =C39-D39 -> -2293.2626 | F39: ='Tennessee counties'!C40 -> 17030 | G39: =$G$2 -> 22068.576 | H39: =F39-G39 -> -5038.5758 | I39: ='Tennessee counties'!D72 -> 22231 | J39: =$J$2 -> 23615 | K39: =I39-J39 -> -1384 | L39: ='Tennessee counties'!E72 -> 23759 | M39: =$M$2 -> 26429.859 | N39: =L39-M39 -> -2670.8586 | O39: ='Tennessee counties'!F72 -> 26250 | P39: =$P$2 -> 29452.939 | Q39: =O39-P39 -> -3202.9394 | R39: ='Tennessee counties'!G72 -> 29869 | S39: =$S$2 -> 33249.677 | T39: =R39-S39 -> -3380.6768 | U39: ='Tennessee counties'!H72 -> 29236 | V39: =$V$2 -> 36031.202 | W39: =U39-V39 -> -6795.202
A40: Roane | B40: 1 | C40: ='Tennessee counties'!B41 -> 24208 | D40: =$D$2 -> 20410.263 | E40: =C40-D40 -> 3797.7374 | F40: ='Tennessee counties'!C41 -> 25434 | G40: =$G$2 -> 22068.576 | H40: =F40-G40 -> 3365.4242 | I40: ='Tennessee counties'!D74 -> 24624 | J40: =$J$2 -> 23615 | K40: =I40-J40 -> 1009 | L40: ='Tennessee counties'!E74 -> 24477 | M40: =$M$2 -> 26429.859 | N40: =L40-M40 -> -1952.8586 | O40: ='Tennessee counties'!F74 -> 27795 | P40: =$P$2 -> 29452.939 | Q40: =O40-P40 -> -1657.9394 | R40: ='Tennessee counties'!G74 -> 31665 | S40: =$S$2 -> 33249.677 | T40: =R40-S40 -> -1584.6768 | U40: ='Tennessee counties'!H74 -> 39133 | V40: =$V$2 -> 36031.202 | W40: =U40-V40 -> 3101.798
A41: Robertson | B41: 1 | C41: ='Tennessee counties'!B42 -> 16367 | D41: =$D$2 -> 20410.263 | E41: =C41-D41 -> -4043.2626 | F41: ='Tennessee counties'!C42 -> 16527 | G41: =$G$2 -> 22068.576 | H41: =F41-G41 -> -5541.5758 | I41: ='Tennessee counties'!D75 -> 25621 | J41: =$J$2 -> 23615 | K41: =I41-J41 -> 2006 | L41: ='Tennessee counties'!E75 -> 28191 | M41: =$M$2 -> 26429.859 | N41: =L41-M41 -> 1761.1414 | O41: ='Tennessee counties'!F75 -> 29046 | P41: =$P$2 -> 29452.939 | Q41: =O41-P41 -> -406.93939 | R41: ='Tennessee counties'!G75 -> 27024 | S41: =$S$2 -> 33249.677 | T41: =R41-S41 -> -6225.6768 | U41: ='Tennessee counties'!H75 -> 27335 | V41: =$V$2 -> 36031.202 | W41: =U41-V41 -> -8696.202
A42: Rutherford | B42: 1 | C42: ='Tennessee counties'!B43 -> 6476 | D42: =$D$2 -> 20410.263 | E42: =C42-D42 -> -13934.263 | F42: ='Tennessee counties'!C43 -> 6224 | G42: =$G$2 -> 22068.576 | H42: =F42-G42 -> -15844.576 | I42: ='Tennessee counties'!D76 -> 33059 | J42: =$J$2 -> 23615 | K42: =I42-J42 -> 9444 | L42: ='Tennessee counties'!E76 -> 32286 | M42: =$M$2 -> 26429.859 | N42: =L42-M42 -> 5856.1414 | O42: ='Tennessee counties'!F76 -> 33604 | P42: =$P$2 -> 29452.939 | Q42: =O42-P42 -> 4151.0606 | R42: ='Tennessee counties'!G76 -> 40696 | S42: =$S$2 -> 33249.677 | T42: =R42-S42 -> 7446.3232 | U42: ='Tennessee counties'!H76 -> 52368 | V42: =$V$2 -> 36031.202 | W42: =U42-V42 -> 16336.798
A43: Sevier | B43: 1 | C43: ='Tennessee counties'!B44 -> 13398 | D43: =$D$2 -> 20410.263 | E43: =C43-D43 -> -7012.2626 | F43: ='Tennessee counties'!C44 -> 13908 | G43: =$G$2 -> 22068.576 | H43: =F43-G43 -> -8160.5758 | I43: ='Tennessee counties'!D79 -> 22384 | J43: =$J$2 -> 23615 | K43: =I43-J43 -> -1231 | L43: ='Tennessee counties'!E79 -> 20480 | M43: =$M$2 -> 26429.859 | N43: =L43-M43 -> -5949.8586 | O43: ='Tennessee counties'!F79 -> 23291 | P43: =$P$2 -> 29452.939 | Q43: =O43-P43 -> -6161.9394 | R43: ='Tennessee counties'!G79 -> 23375 | S43: =$S$2 -> 33249.677 | T43: =R43-S43 -> -9874.6768 | U43: ='Tennessee counties'!H79 -> 24251 | V43: =$V$2 -> 36031.202 | W43: =U43-V43 -> -11780.202
A44: Smith | B44: 1 | C44: ='Tennessee counties'!B45 -> 15039 | D44: =$D$2 -> 20410.263 | E44: =C44-D44 -> -5371.2626 | F44: ='Tennessee counties'!C45 -> 15036 | G44: =$G$2 -> 22068.576 | H44: =F44-G44 -> -7032.5758 | I44: ='Tennessee counties'!D81 -> 17134 | J44: =$J$2 -> 23615 | K44: =I44-J44 -> -6481 | L44: ='Tennessee counties'!E81 -> 15473 | M44: =$M$2 -> 26429.859 | N44: =L44-M44 -> -10956.859 | O44: ='Tennessee counties'!F81 -> 16148 | P44: =$P$2 -> 29452.939 | Q44: =O44-P44 -> -13304.939 | R44: ='Tennessee counties'!G81 -> 14098 | S44: =$S$2 -> 33249.677 | T44: =R44-S44 -> -19151.677 | U44: ='Tennessee counties'!H81 -> 12059 | V44: =$V$2 -> 36031.202 | W44: =U44-V44 -> -23972.202
A45: Stewart | B45: 1 | C45: ='Tennessee counties'!B46 -> 18590 | D45: =$D$2 -> 20410.263 | E45: =C45-D45 -> -1820.2626 | F45: ='Tennessee counties'!C46 -> 17755 | G45: =$G$2 -> 22068.576 | H45: =F45-G45 -> -4313.5758 | I45: ='Tennessee counties'!D82 -> 14664 | J45: =$J$2 -> 23615 | K45: =I45-J45 -> -8951 | L45: ='Tennessee counties'!E82 -> 13278 | M45: =$M$2 -> 26429.859 | N45: =L45-M45 -> -13151.859 | O45: ='Tennessee counties'!F82 -> 13549 | P45: =$P$2 -> 29452.939 | Q45: =O45-P45 -> -15903.939 | R45: ='Tennessee counties'!G82 -> 9175 | S45: =$S$2 -> 33249.677 | T45: =R45-S45 -> -24074.677 | U45: ='Tennessee counties'!H82 -> 7851 | V45: =$V$2 -> 36031.202 | W45: =U45-V45 -> -28180.202
A46: Sullivan | B46: 1 | C46: ='Tennessee counties'!B47 -> 10589 | D46: =$D$2 -> 20410.263 | E46: =C46-D46 -> -9821.2626 | F46: ='Tennessee counties'!C47 -> 13191 | G46: =$G$2 -> 22068.576 | H46: =F46-G46 -> -8877.5758 | I46: ='Tennessee counties'!D83 -> 36259 | J46: =$J$2 -> 23615 | K46: =I46-J46 -> 12644 | L46: ='Tennessee counties'!E83 -> 51087 | M46: =$M$2 -> 26429.859 | N46: =L46-M46 -> 24657.141 | O46: ='Tennessee counties'!F83 -> 69085 | P46: =$P$2 -> 29452.939 | Q46: =O46-P46 -> 39632.061 | R46: ='Tennessee counties'!G83 -> 95063 | S46: =$S$2 -> 33249.677 | T46: =R46-S46 -> 61813.323 | U46: ='Tennessee counties'!H83 -> 114139 | V46: =$V$2 -> 36031.202 | W46: =U46-V46 -> 78107.798
A47: Sumner | B47: 1 | C47: ='Tennessee counties'!B48 -> 74302 | D47: =$D$2 -> 20410.263 | E47: =C47-D47 -> 53891.737 | F47: ='Tennessee counties'!C48 -> 94187 | G47: =$G$2 -> 22068.576 | H47: =F47-G47 -> 72118.424 | I47: ='Tennessee counties'!D84 -> 27708 | J47: =$J$2 -> 23615 | K47: =I47-J47 -> 4093 | L47: ='Tennessee counties'!E84 -> 28622 | M47: =$M$2 -> 26429.859 | N47: =L47-M47 -> 2192.1414 | O47: ='Tennessee counties'!F84 -> 32719 | P47: =$P$2 -> 29452.939 | Q47: =O47-P47 -> 3266.0606 | R47: ='Tennessee counties'!G84 -> 33533 | S47: =$S$2 -> 33249.677 | T47: =R47-S47 -> 283.32323 | U47: ='Tennessee counties'!H84 -> 36217 | V47: =$V$2 -> 36031.202 | W47: =U47-V47 -> 185.79798
A48: Tipton | B48: 1 | C48: ='Tennessee counties'!B49 -> 7368 | D48: =$D$2 -> 20410.263 | E48: =C48-D48 -> -13042.263 | F48: ='Tennessee counties'!C49 -> 8704 | G48: =$G$2 -> 22068.576 | H48: =F48-G48 -> -13364.576 | I48: ='Tennessee counties'!D85 -> 30258 | J48: =$J$2 -> 23615 | K48: =I48-J48 -> 6643 | L48: ='Tennessee counties'!E85 -> 27498 | M48: =$M$2 -> 26429.859 | N48: =L48-M48 -> 1068.1414 | O48: ='Tennessee counties'!F85 -> 28036 | P48: =$P$2 -> 29452.939 | Q48: =O48-P48 -> -1416.9394 | R48: ='Tennessee counties'!G85 -> 29782 | S48: =$S$2 -> 33249.677 | T48: =R48-S48 -> -3467.6768 | U48: ='Tennessee counties'!H85 -> 28564 | V48: =$V$2 -> 36031.202 | W48: =U48-V48 -> -7467.202
A49: Warren | B49: 1 | C49: ='Tennessee counties'!B50 -> 21971 | D49: =$D$2 -> 20410.263 | E49: =C49-D49 -> 1560.7374 | F49: ='Tennessee counties'!C50 -> 21105 | G49: =$G$2 -> 22068.576 | H49: =F49-G49 -> -963.57576 | I49: ='Tennessee counties'!D90 -> 17306 | J49: =$J$2 -> 23615 | K49: =I49-J49 -> -6309 | L49: ='Tennessee counties'!E90 -> 20209 | M49: =$M$2 -> 26429.859 | N49: =L49-M49 -> -6220.8586 | O49: ='Tennessee counties'!F90 -> 19764 | P49: =$P$2 -> 29452.939 | Q49: =O49-P49 -> -9688.9394 | R49: ='Tennessee counties'!G90 -> 22271 | S49: =$S$2 -> 33249.677 | T49: =R49-S49 -> -10978.677 | U49: ='Tennessee counties'!H90 -> 23102 | V49: =$V$2 -> 36031.202 | W49: =U49-V49 -> -12929.202
A50: Washington | B50: 1 | C50: ='Tennessee counties'!B51 -> 15402 | D50: =$D$2 -> 20410.263 | E50: =C50-D50 -> -5008.2626 | F50: ='Tennessee counties'!C51 -> 17569 | G50: =$G$2 -> 22068.576 | H50: =F50-G50 -> -4499.5758 | I50: ='Tennessee counties'!D91 -> 34052 | J50: =$J$2 -> 23615 | K50: =I50-J50 -> 10437 | L50: ='Tennessee counties'!E91 -> 45805 | M50: =$M$2 -> 26429.859 | N50: =L50-M50 -> 19375.141 | O50: ='Tennessee counties'!F91 -> 51631 | P50: =$P$2 -> 29452.939 | Q50: =O50-P50 -> 22178.061 | R50: ='Tennessee counties'!G91 -> 59971 | S50: =$S$2 -> 33249.677 | T50: =R50-S50 -> 26721.323 | U50: ='Tennessee counties'!H91 -> 64832 | V50: =$V$2 -> 36031.202 | W50: =U50-V50 -> 28800.798
A51: White | B51: 1 | C51: ='Tennessee counties'!B52 -> 4455 | D51: =$D$2 -> 20410.263 | E51: =C51-D51 -> -15955.263 | F51: ='Tennessee counties'!C52 -> 6033 | G51: =$G$2 -> 22068.576 | H51: =F51-G51 -> -16035.576 | I51: ='Tennessee counties'!D94 -> 15701 | J51: =$J$2 -> 23615 | K51: =I51-J51 -> -7914 | L51: ='Tennessee counties'!E94 -> 15543 | M51: =$M$2 -> 26429.859 | N51: =L51-M51 -> -10886.859 | O51: ='Tennessee counties'!F94 -> 15983 | P51: =$P$2 -> 29452.939 | Q51: =O51-P51 -> -13469.939 | R51: ='Tennessee counties'!G94 -> 16204 | S51: =$S$2 -> 33249.677 | T51: =R51-S51 -> -17045.677 | U51: ='Tennessee counties'!H94 -> 15577 | V51: =$V$2 -> 36031.202 | W51: =U51-V51 -> -20454.202
A52: Weakley | B52: 1 | C52: ='Tennessee counties'!B53 -> 26304 | D52: =$D$2 -> 20410.263 | E52: =C52-D52 -> 5893.7374 | F52: ='Tennessee counties'!C53 -> 25908 | G52: =$G$2 -> 22068.576 | H52: =F52-G52 -> 3839.4242 | I52: ='Tennessee counties'!D93 -> 31053 | J52: =$J$2 -> 23615 | K52: =I52-J52 -> 7438 | L52: ='Tennessee counties'!E93 -> 29262 | M52: =$M$2 -> 26429.859 | N52: =L52-M52 -> 2832.1414 | O52: ='Tennessee counties'!F93 -> 29498 | P52: =$P$2 -> 29452.939 | Q52: =O52-P52 -> 45.060606 | R52: ='Tennessee counties'!G93 -> 27962 | S52: =$S$2 -> 33249.677 | T52: =R52-S52 -> -5287.6768 | U52: ='Tennessee counties'!H93 -> 24227 | V52: =$V$2 -> 36031.202 | W52: =U52-V52 -> -11804.202
A53: Williamson | B53: 1 | C53: ='Tennessee counties'!B54 -> 10838 | D53: =$D$2 -> 20410.263 | E53: =C53-D53 -> -9572.2626 | F53: ='Tennessee counties'!C54 -> 13612 | G53: =$G$2 -> 22068.576 | H53: =F53-G53 -> -8456.5758 | I53: ='Tennessee counties'!D95 -> 23409 | J53: =$J$2 -> 23615 | K53: =I53-J53 -> -206 | L53: ='Tennessee counties'!E95 -> 22845 | M53: =$M$2 -> 26429.859 | N53: =L53-M53 -> -3584.8586 | O53: ='Tennessee counties'!F95 -> 25220 | P53: =$P$2 -> 29452.939 | Q53: =O53-P53 -> -4232.9394 | R53: ='Tennessee counties'!G95 -> 24307 | S53: =$S$2 -> 33249.677 | T53: =R53-S53 -> -8942.6768 | U53: ='Tennessee counties'!H95 -> 25267 | V53: =$V$2 -> 36031.202 | W53: =U53-V53 -> -10764.202
A54: Wilson | B54: 1 | C54: ='Tennessee counties'!B55 -> 19163 | D54: =$D$2 -> 20410.263 | E54: =C54-D54 -> -1247.2626 | F54: ='Tennessee counties'!C55 -> 21046 | G54: =$G$2 -> 22068.576 | H54: =F54-G54 -> -1022.5758 | I54: ='Tennessee counties'!D96 -> 26241 | J54: =$J$2 -> 23615 | K54: =I54-J54 -> 2626 | L54: ='Tennessee counties'!E96 -> 23929 | M54: =$M$2 -> 26429.859 | N54: =L54-M54 -> -2500.8586 | O54: ='Tennessee counties'!F96 -> 25267 | P54: =$P$2 -> 29452.939 | Q54: =O54-P54 -> -4185.9394 | R54: ='Tennessee counties'!G96 -> 26318 | S54: =$S$2 -> 33249.677 | T54: =R54-S54 -> -6931.6768 | U54: ='Tennessee counties'!H96 -> 27668 | V54: =$V$2 -> 36031.202 | W54: =U54-V54 -> -8363.202
A55: Gibson | B55: 2 | C55: ='Tennessee counties'!B56 -> 17760 | D55: =$D$2 -> 20410.263 | E55: =(C55/2)-D55 -> -11530.263 | F55: ='Tennessee counties'!C56 -> 16356 | G55: =$G$2 -> 22068.576 | H55: =(F55/2)-G55 -> -13890.576 | I55: ='Tennessee counties'!D28 -> 43388 | J55: =$J$2 -> 23615 | K55: =(I55/2)-J55 -> -1921 | L55: ='Tennessee counties'!E28 -> 46528 | M55: =$M$2 -> 26429.859 | N55: =(L55/2)-M55 -> -3165.8586 | O55: ='Tennessee counties'!F28 -> 44835 | P55: =$P$2 -> 29452.939 | Q55: =(O55/2)-P55 -> -7035.4394 | R55: ='Tennessee counties'!G28 -> 48132 | S55: =$S$2 -> 33249.677 | T55: =(R55/2)-S55 -> -9183.6768 | U55: ='Tennessee counties'!H28 -> 44699 | V55: =$V$2 -> 36031.202 | W55: =(U55/2)-V55 -> -13681.702
A56: Madison | B56: 2 | C56: ='Tennessee counties'!B57 -> 12881 | D56: =$D$2 -> 20410.263 | E56: =(C56/2)-D56 -> -13969.763 | F56: ='Tennessee counties'!C57 -> 14559 | G56: =$G$2 -> 22068.576 | H56: =(F56/2)-G56 -> -14789.076 | I56: ='Tennessee counties'!D56 -> 18350 | J56: =$J$2 -> 23615 | K56: =(I56/2)-J56 -> -14440 | L56: ='Tennessee counties'!E56 -> 19901 | M56: =$M$2 -> 26429.859 | N56: =(L56/2)-M56 -> -16479.359 | O56: ='Tennessee counties'!F56 -> 20424 | P56: =$P$2 -> 29452.939 | Q56: =(O56/2)-P56 -> -19240.939 | R56: ='Tennessee counties'!G56 -> 20390 | S56: =$S$2 -> 33249.677 | T56: =(R56/2)-S56 -> -23054.677 | U56: ='Tennessee counties'!H56 -> 18085 | V56: =$V$2 -> 36031.202 | W56: =(U56/2)-V56 -> -26988.702
A57: Knox | B57: 3 | C57: ='Tennessee counties'!B58 -> 36333 | D57: =$D$2 -> 20410.263 | E57: =(C57/3)-D57 -> -8299.2626 | F57: ='Tennessee counties'!C58 -> 39357 | G57: =$G$2 -> 22068.576 | H57: =(F57/3)-G57 -> -8949.5758 | I57: ='Tennessee counties'!D48 -> 112926 | J57: =$J$2 -> 23615 | K57: =(I57/3)-J57 -> 14027 | L57: ='Tennessee counties'!E48 -> 155902 | M57: =$M$2 -> 26429.859 | N57: =(L57/3)-M57 -> 25537.475 | O57: ='Tennessee counties'!F48 -> 178468 | P57: =$P$2 -> 29452.939 | Q57: =(O57/3)-P57 -> 30036.394 | R57: ='Tennessee counties'!G48 -> 223007 | S57: =$S$2 -> 33249.677 | T57: =(R57/3)-S57 -> 41085.99 | U57: ='Tennessee counties'!H48 -> 250523 | V57: =$V$2 -> 36031.202 | W57: =(U57/3)-V57 -> 47476.465
A58: Hamilton | B58: 3 | C58: ='Tennessee counties'!B59 -> 17281 | D58: =$D$2 -> 20410.263 | E58: =(C58/3)-D58 -> -14649.929 | F58: ='Tennessee counties'!C59 -> 18820 | G58: =$G$2 -> 22068.576 | H58: =(F58/3)-G58 -> -15795.242 | I58: ='Tennessee counties'!D34 -> 115954 | J58: =$J$2 -> 23615 | K58: =(I58/3)-J58 -> 15036.333 | L58: ='Tennessee counties'!E34 -> 159497 | M58: =$M$2 -> 26429.859 | N58: =(L58/3)-M58 -> 26735.808 | O58: ='Tennessee counties'!F34 -> 180478 | P58: =$P$2 -> 29452.939 | Q58: =(O58/3)-P58 -> 30706.394 | R58: ='Tennessee counties'!G34 -> 208255 | S58: =$S$2 -> 33249.677 | T58: =(R58/3)-S58 -> 36168.657 | U58: ='Tennessee counties'!H34 -> 237905 | V58: =$V$2 -> 36031.202 | W58: =(U58/3)-V58 -> 43270.465
A59: Davidson | B59: 6 | C59: ='Tennessee counties'!B60 -> 18763 | D59: =$D$2 -> 20410.263 | E59: =(C59/6)-D59 -> -17283.096 | F59: ='Tennessee counties'!C60 -> 16872 | G59: =$G$2 -> 22068.576 | H59: =(F59/6)-G59 -> -19256.576 | I59: ='Tennessee counties'!D20 -> 167815 | J59: =$J$2 -> 23615 | K59: =(I59/6)-J59 -> 4354.1667 | L59: ='Tennessee counties'!E20 -> 222854 | M59: =$M$2 -> 26429.859 | N59: =(L59/6)-M59 -> 10712.475 | O59: ='Tennessee counties'!F20 -> 257267 | P59: =$P$2 -> 29452.939 | Q59: =(O59/6)-P59 -> 13424.894 | R59: ='Tennessee counties'!G20 -> 321758 | S59: =$S$2 -> 33249.677 | T59: =(R59/6)-S59 -> 20376.657 | U59: ='Tennessee counties'!H20 -> 399743 | V59: =$V$2 -> 36031.202 | W59: =(U59/6)-V59 -> 30592.631
A60: Shelby | B60: 8 | C60: ='Tennessee counties'!B61 -> 42703 | D60: =$D$2 -> 20410.263 | E60: =(C60/8)-D60 -> -15072.388 | F60: ='Tennessee counties'!C61 -> 40456 | G60: =$G$2 -> 22068.576 | H60: =(F60/8)-G60 -> -17011.576 | I60: ='Tennessee counties'!D80 -> 223216 | J60: =$J$2 -> 23615 | K60: =(I60/8)-J60 -> 4287 | L60: ='Tennessee counties'!E80 -> 306482 | M60: =$M$2 -> 26429.859 | N60: =(L60/8)-M60 -> 11880.391 | O60: ='Tennessee counties'!F80 -> 358250 | P60: =$P$2 -> 29452.939 | Q60: =(O60/8)-P60 -> 15328.311 | R60: ='Tennessee counties'!G80 -> 482393 | S60: =$S$2 -> 33249.677 | T60: =(R60/8)-S60 -> 27049.448 | U60: ='Tennessee counties'!H80 -> 627019 | V60: =$V$2 -> 36031.202 | W60: =(U60/8)-V60 -> 42346.173
A61: Johnson & Carter | B61: 1 | C61: ='Tennessee counties'!B62 -> 7491 | D61: =$D$2 -> 20410.263 | E61: =C61-D61 -> -12919.263 | F61: ='Tennessee counties'!C62 -> 6131 | G61: =$G$2 -> 22068.576 | H61: =F61-G61 -> -15937.576 | I61: ='Tennessee counties'!D47+'Tennessee counties'!D11 -> 33718 | J61: =$J$2 -> 23615 | K61: =I61-J61 -> 10103 | L61: ='Tennessee counties'!E47+'Tennessee counties'!E11 -> 41432 | M61: =$M$2 -> 26429.859 | N61: =L61-M61 -> 15002.141 | O61: ='Tennessee counties'!F47+'Tennessee counties'!F11 -> 48125 | P61: =$P$2 -> 29452.939 | Q61: =O61-P61 -> 18672.061 | R61: ='Tennessee counties'!G47+'Tennessee counties'!G11 -> 54710 | S61: =$S$2 -> 33249.677 | T61: =R61-S61 -> 21460.323 | U61: ='Tennessee counties'!H47+'Tennessee counties'!H11 -> 52343 | V61: =$V$2 -> 36031.202 | W61: =U61-V61 -> 16311.798
A62: Sullivan & Hawkins | B62: 1 | C62: ='Tennessee counties'!B63 -> 18585 | D62: =$D$2 -> 20410.263 | E62: =C62-D62 -> -1825.2626 | F62: ='Tennessee counties'!C63 -> 20716 | G62: =$G$2 -> 22068.576 | H62: =F62-G62 -> -1352.5758 | I62: ='Tennessee counties'!D83+'Tennessee counties'!D38 -> 59177 | J62: =$J$2 -> 23615 | K62: =I62-J62 -> 35562 | L62: ='Tennessee counties'!E83+'Tennessee counties'!E38 -> 75204 | M62: =$M$2 -> 26429.859 | N62: =L62-M62 -> 48774.141 | O62: ='Tennessee counties'!F83+'Tennessee counties'!F38 -> 97608 | P62: =$P$2 -> 29452.939 | Q62: =O62-P62 -> 68155.061 | R62: ='Tennessee counties'!G83+'Tennessee counties'!G38 -> 125557 | S62: =$S$2 -> 33249.677 | T62: =R62-S62 -> 92307.323 | U62: ='Tennessee counties'!H83+'Tennessee counties'!H38 -> 144607 | V62: =$V$2 -> 36031.202 | W62: =U62-V62 -> 108575.8
A63: Washington, Greene, & Unicoi | B63: 1 | C63: ='Tennessee counties'!B64 -> 36017 | D63: =$D$2 -> 20410.263 | E63: =C63-D63 -> 15606.737 | F63: ='Tennessee counties'!C64 -> 33672 | G63: =$G$2 -> 22068.576 | H63: =F63-G63 -> 11603.424 | I63: ='Tennessee counties'!D91+'Tennessee counties'!D87+'Tennessee counties'!D31 -> 76996 | J63: =$J$2 -> 23615 | K63: =I63-J63 -> 53381 | L63: ='Tennessee counties'!E91+'Tennessee counties'!E87+'Tennessee counties'!E31 -> 93602 | M63: =$M$2 -> 26429.859 | N63: =L63-M63 -> 67172.141 | O63: ='Tennessee counties'!F91+'Tennessee counties'!F87+'Tennessee counties'!F31 -> 105164 | P63: =$P$2 -> 29452.939 | Q63: =O63-P63 -> 75711.061 | R63: ='Tennessee counties'!G91+'Tennessee counties'!G87+'Tennessee counties'!G31 -> 116905 | S63: =$S$2 -> 33249.677 | T63: =R63-S63 -> 83655.323 | U63: ='Tennessee counties'!H91+'Tennessee counties'!H87+'Tennessee counties'!H31 -> 122077 | V63: =$V$2 -> 36031.202 | W63: =U63-V63 -> 86045.798
A64: Jefferson & Hamblen | B64: 1 | C64: ='Tennessee counties'!B65 -> 5706 | D64: =$D$2 -> 20410.263 | E64: =C64-D64 -> -14704.263 | F64: ='Tennessee counties'!C65 -> 4800 | G64: =$G$2 -> 22068.576 | H64: =F64-G64 -> -17268.576 | I64: ='Tennessee counties'!D46+'Tennessee counties'!D33 -> 32733 | J64: =$J$2 -> 23615 | K64: =I64-J64 -> 9118 | L64: ='Tennessee counties'!E46+'Tennessee counties'!E33 -> 34530 | M64: =$M$2 -> 26429.859 | N64: =L64-M64 -> 8100.1414 | O64: ='Tennessee counties'!F46+'Tennessee counties'!F33 -> 37232 | P64: =$P$2 -> 29452.939 | Q64: =O64-P64 -> 7779.0606 | R64: ='Tennessee counties'!G46+'Tennessee counties'!G33 -> 43643 | S64: =$S$2 -> 33249.677 | T64: =R64-S64 -> 10393.323 | U64: ='Tennessee counties'!H46+'Tennessee counties'!H33 -> 54585 | V64: =$V$2 -> 36031.202 | W64: =U64-V64 -> 18553.798
A65: Hancock & Grainger | B65: 1 | C65: ='Tennessee counties'!B66 -> 9587 | D65: =$D$2 -> 20410.263 | E65: =C65-D65 -> -10823.263 | F65: ='Tennessee counties'!C66 -> 11458 | G65: =$G$2 -> 22068.576 | H65: =F65-G65 -> -10610.576 | I65: ='Tennessee counties'!D35+'Tennessee counties'!D30 -> 23823 | J65: =$J$2 -> 23615 | K65: =I65-J65 -> 208 | L65: ='Tennessee counties'!E35+'Tennessee counties'!E30 -> 22410 | M65: =$M$2 -> 26429.859 | N65: =L65-M65 -> -4019.8586 | O65: ='Tennessee counties'!F35+'Tennessee counties'!F30 -> 25587 | P65: =$P$2 -> 29452.939 | Q65: =O65-P65 -> -3865.9394 | R65: ='Tennessee counties'!G35+'Tennessee counties'!G30 -> 22202 | S65: =$S$2 -> 33249.677 | T65: =R65-S65 -> -11047.677 | U65: ='Tennessee counties'!H35+'Tennessee counties'!H30 -> 20263 | V65: =$V$2 -> 36031.202 | W65: =U65-V65 -> -15768.202
A66: Scott, Campbell, & Union | B66: 1 | C66: ='Tennessee counties'!B67 -> 28286 | D66: =$D$2 -> 20410.263 | E66: =C66-D66 -> 7875.7374 | F66: ='Tennessee counties'!C67 -> 29946 | G66: =$G$2 -> 22068.576 | H66: =F66-G66 -> 7877.4242 | I66: ='Tennessee counties'!D77+'Tennessee counties'!D88+'Tennessee counties'!D8 -> 53291 | J66: =$J$2 -> 23615 | K66: =I66-J66 -> 29676 | L66: ='Tennessee counties'!E77+'Tennessee counties'!E88+'Tennessee counties'!E8 -> 52278 | M66: =$M$2 -> 26429.859 | N66: =L66-M66 -> 25848.141 | O66: ='Tennessee counties'!F77+'Tennessee counties'!F88+'Tennessee counties'!F8 -> 56127 | P66: =$P$2 -> 29452.939 | Q66: =O66-P66 -> 26674.061 | R66: ='Tennessee counties'!G77+'Tennessee counties'!G88+'Tennessee counties'!G8 -> 60401 | S66: =$S$2 -> 33249.677 | T66: =R66-S66 -> 27151.323 | U66: ='Tennessee counties'!H77+'Tennessee counties'!H88+'Tennessee counties'!H8 -> 51847 | V66: =$V$2 -> 36031.202 | W66: =U66-V66 -> 15815.798
A67: Anderson & Morgan | B67: 1 | C67: ='Tennessee counties'!B68 -> 13353 | D67: =$D$2 -> 20410.263 | E67: =C67-D67 -> -7057.2626 | F67: ='Tennessee counties'!C68 -> 15854 | G67: =$G$2 -> 22068.576 | H67: =F67-G67 -> -6214.5758 | I67: ='Tennessee counties'!D2+'Tennessee counties'!D66 -> 31583 | J67: =$J$2 -> 23615 | K67: =I67-J67 -> 7968 | L67: ='Tennessee counties'!E2+'Tennessee counties'!E66 -> 33325 | M67: =$M$2 -> 26429.859 | N67: =L67-M67 -> 6895.1414 | O67: ='Tennessee counties'!F2+'Tennessee counties'!F66 -> 41746 | P67: =$P$2 -> 29452.939 | Q67: =O67-P67 -> 12293.061 | R67: ='Tennessee counties'!G2+'Tennessee counties'!G66 -> 75134 | S67: =$S$2 -> 33249.677 | T67: =R67-S67 -> 41884.323 | U67: ='Tennessee counties'!H2+'Tennessee counties'!H66 -> 74336 | V67: =$V$2 -> 36031.202 | W67: =U67-V67 -> 38304.798
A68: Knox & Loudon | B68: 1 | C68: ='Tennessee counties'!B69 -> 8800 | D68: =$D$2 -> 20410.263 | E68: =C68-D68 -> -11610.263 | F68: ='Tennessee counties'!C69 -> 8815 | G68: =$G$2 -> 22068.576 | H68: =F68-G68 -> -13253.576 | I68: ='Tennessee counties'!D48+'Tennessee counties'!D54 -> 129201 | J68: =$J$2 -> 23615 | K68: =I68-J68 -> 105586 | L68: ='Tennessee counties'!E48+'Tennessee counties'!E54 -> 173707 | M68: =$M$2 -> 26429.859 | N68: =L68-M68 -> 147277.14 | O68: ='Tennessee counties'!F48+'Tennessee counties'!F54 -> 198306 | P68: =$P$2 -> 29452.939 | Q68: =O68-P68 -> 168853.06 | R68: ='Tennessee counties'!G48+'Tennessee counties'!G54 -> 246189 | S68: =$S$2 -> 33249.677 | T68: =R68-S68 -> 212939.32 | U68: ='Tennessee counties'!H48+'Tennessee counties'!H54 -> 274280 | V68: =$V$2 -> 36031.202 | W68: =U68-V68 -> 238248.8
A69: Polk & Bradley | B69: 1 | C69: ='Tennessee counties'!B70 -> 5366 | D69: =$D$2 -> 20410.263 | E69: =C69-D69 -> -15044.263 | F69: ='Tennessee counties'!C70 -> 5087 | G69: =$G$2 -> 22068.576 | H69: =F69-G69 -> -16981.576 | I69: ='Tennessee counties'!D71+'Tennessee counties'!D7 -> 32895 | J69: =$J$2 -> 23615 | K69: =I69-J69 -> 9280 | L69: ='Tennessee counties'!E71+'Tennessee counties'!E7 -> 38556 | M69: =$M$2 -> 26429.859 | N69: =L69-M69 -> 12126.141 | O69: ='Tennessee counties'!F71+'Tennessee counties'!F7 -> 43971 | P69: =$P$2 -> 29452.939 | Q69: =O69-P69 -> 14518.061 | R69: ='Tennessee counties'!G71+'Tennessee counties'!G7 -> 46412 | S69: =$S$2 -> 33249.677 | T69: =R69-S69 -> 13162.323 | U69: ='Tennessee counties'!H71+'Tennessee counties'!H7 -> 50484 | V69: =$V$2 -> 36031.202 | W69: =U69-V69 -> 14452.798
A70: Meigs & Rhea | B70: 1 | C70: ='Tennessee counties'!B71 -> 11357 | D70: =$D$2 -> 20410.263 | E70: =C70-D70 -> -9053.2626 | F70: ='Tennessee counties'!C71 -> 14116 | G70: =$G$2 -> 22068.576 | H70: =F70-G70 -> -7952.5758 | I70: ='Tennessee counties'!D62+'Tennessee counties'!D73 -> 19889 | J70: =$J$2 -> 23615 | K70: =I70-J70 -> -3726 | L70: ='Tennessee counties'!E62+'Tennessee counties'!E73 -> 19998 | M70: =$M$2 -> 26429.859 | N70: =L70-M70 -> -6431.8586 | O70: ='Tennessee counties'!F62+'Tennessee counties'!F73 -> 22746 | P70: =$P$2 -> 29452.939 | Q70: =O70-P70 -> -6706.9394 | R70: ='Tennessee counties'!G62+'Tennessee counties'!G73 -> 22121 | S70: =$S$2 -> 33249.677 | T70: =R70-S70 -> -11128.677 | U70: ='Tennessee counties'!H62+'Tennessee counties'!H73 -> 21023 | V70: =$V$2 -> 36031.202 | W70: =U70-V70 -> -15008.202
A71: Cumberland, Bledsoe, Sequatchie, Van Buren, & Grundy | B71: 1 | C71: ='Tennessee counties'!B72 -> 16890 | D71: =$D$2 -> 20410.263 | E71: =C71-D71 -> -3520.2626 | F71: ='Tennessee counties'!C72 -> 20023 | G71: =$G$2 -> 22068.576 | H71: =F71-G71 -> -2045.5758 | I71: ='Tennessee counties'!D5+'Tennessee counties'!D19+'Tennessee counties'!D32+'Tennessee counties'!D78+'Tennessee counties'!D89 -> 33321 | J71: =$J$2 -> 23615 | K71: =I71-J71 -> 9706 | L71: ='Tennessee counties'!E5+'Tennessee counties'!E19+'Tennessee counties'!E32+'Tennessee counties'!E78+'Tennessee counties'!E89 -> 35848 | M71: =$M$2 -> 26429.859 | N71: =L71-M71 -> 9418.1414 | O71: ='Tennessee counties'!F5+'Tennessee counties'!F19+'Tennessee counties'!F32+'Tennessee counties'!F78+'Tennessee counties'!F89 -> 44630 | P71: =$P$2 -> 29452.939 | Q71: =O71-P71 -> 15177.061 | R71: ='Tennessee counties'!G5+'Tennessee counties'!G19+'Tennessee counties'!G32+'Tennessee counties'!G78+'Tennessee counties'!G89 -> 49666 | S71: =$S$2 -> 33249.677 | T71: =R71-S71 -> 16416.323 | U71: ='Tennessee counties'!H5+'Tennessee counties'!H19+'Tennessee counties'!H32+'Tennessee counties'!H78+'Tennessee counties'!H89 -> 48044 | V71: =$V$2 -> 36031.202 | W71: =U71-V71 -> 12012.798
A72: Fentress, Pickett, Overton, Clay, & Putnam | B72: 1 | C72: ='Tennessee counties'!B73 -> 14318 | D72: =$D$2 -> 20410.263 | E72: =C72-D72 -> -6092.2626 | F72: ='Tennessee counties'!C73 -> 15410 | G72: =$G$2 -> 22068.576 | H72: =F72-G72 -> -6658.5758 | I72: ='Tennessee counties'!D26+'Tennessee counties'!D70+'Tennessee counties'!D68+'Tennessee counties'!D15+'Tennessee counties'!D72 -> 64681 | J72: =$J$2 -> 23615 | K72: =I72-J72 -> 41066 | L72: ='Tennessee counties'!E26+'Tennessee counties'!E70+'Tennessee counties'!E68+'Tennessee counties'!E15+'Tennessee counties'!E72 -> 68066 | M72: =$M$2 -> 26429.859 | N72: =L72-M72 -> 41636.141 | O72: ='Tennessee counties'!F26+'Tennessee counties'!F70+'Tennessee counties'!F68+'Tennessee counties'!F15+'Tennessee counties'!F72 -> 76512 | P72: =$P$2 -> 29452.939 | Q72: =O72-P72 -> 47059.061 | R72: ='Tennessee counties'!G26+'Tennessee counties'!G70+'Tennessee counties'!G68+'Tennessee counties'!G15+'Tennessee counties'!G72 -> 76146 | S72: =$S$2 -> 33249.677 | T72: =R72-S72 -> 42896.323 | U72: ='Tennessee counties'!H26+'Tennessee counties'!H70+'Tennessee counties'!H68+'Tennessee counties'!H15+'Tennessee counties'!H72 -> 68905 | V72: =$V$2 -> 36031.202 | W72: =U72-V72 -> 32873.798
A73: Sumner, Trousdale, & Macon | B73: 1 | C73: ='Tennessee counties'!B74 -> 22738 | D73: =$D$2 -> 20410.263 | E73: =C73-D73 -> 2327.7374 | F73: ='Tennessee counties'!C74 -> 22860 | G73: =$G$2 -> 22068.576 | H73: =F73-G73 -> 791.42424 | I73: ='Tennessee counties'!D55+'Tennessee counties'!D84+'Tennessee counties'!D86 -> 58837 | J73: =$J$2 -> 23615 | K73: =I73-J73 -> 35222 | L73: ='Tennessee counties'!E55+'Tennessee counties'!E84+'Tennessee counties'!E86 -> 63270 | M73: =$M$2 -> 26429.859 | N73: =L73-M73 -> 36840.141 | O73: ='Tennessee counties'!F55+'Tennessee counties'!F84+'Tennessee counties'!F86 -> 69613 | P73: =$P$2 -> 29452.939 | Q73: =O73-P73 -> 40160.061 | R73: ='Tennessee counties'!G55+'Tennessee counties'!G84+'Tennessee counties'!G86 -> 71077 | S73: =$S$2 -> 33249.677 | T73: =R73-S73 -> 37827.323 | U73: ='Tennessee counties'!H55+'Tennessee counties'!H84+'Tennessee counties'!H86 -> 74793 | V73: =$V$2 -> 36031.202 | W73: =U73-V73 -> 38761.798
A74: Davidson & Wilson | B74: 1 | C74: ='Tennessee counties'!B75 -> 25029 | D74: =$D$2 -> 20410.263 | E74: =C74-D74 -> 4618.7374 | F74: ='Tennessee counties'!C75 -> 25466 | G74: =$G$2 -> 22068.576 | H74: =F74-G74 -> 3397.4242 | I74: ='Tennessee counties'!D20+'Tennessee counties'!D96 -> 194056 | J74: =$J$2 -> 23615 | K74: =I74-J74 -> 170441 | L74: ='Tennessee counties'!E20+'Tennessee counties'!E96 -> 246783 | M74: =$M$2 -> 26429.859 | N74: =L74-M74 -> 220353.14 | O74: ='Tennessee counties'!F20+'Tennessee counties'!F96 -> 282534 | P74: =$P$2 -> 29452.939 | Q74: =O74-P74 -> 253081.06 | R74: ='Tennessee counties'!G20+'Tennessee counties'!G96 -> 348076 | S74: =$S$2 -> 33249.677 | T74: =R74-S74 -> 314826.32 | U74: ='Tennessee counties'!H20+'Tennessee counties'!H96 -> 427411 | V74: =$V$2 -> 36031.202 | W74: =U74-V74 -> 391379.8
A75: Giles, Lewis, Maury, & Wayne | B75: 1 | C75: ='Tennessee counties'!B76 -> 33543 | D75: =$D$2 -> 20410.263 | E75: =C75-D75 -> 13132.737 | F75: ='Tennessee counties'!C76 -> 33199 | G75: =$G$2 -> 22068.576 | H75: =F75-G75 -> 11130.424 | I75: ='Tennessee counties'!D29+'Tennessee counties'!D52+'Tennessee counties'!D59+'Tennessee counties'!D92 -> 66934 | J75: =$J$2 -> 23615 | K75: =I75-J75 -> 43319 | L75: ='Tennessee counties'!E29+'Tennessee counties'!E52+'Tennessee counties'!E59+'Tennessee counties'!E92 -> 62957 | M75: =$M$2 -> 26429.859 | N75: =L75-M75 -> 36527.141 | O75: ='Tennessee counties'!F29+'Tennessee counties'!F52+'Tennessee counties'!F59+'Tennessee counties'!F92 -> 67867 | P75: =$P$2 -> 29452.939 | Q75: =O75-P75 -> 38414.061 | R75: ='Tennessee counties'!G29+'Tennessee counties'!G52+'Tennessee counties'!G59+'Tennessee counties'!G92 -> 67423 | S75: =$S$2 -> 33249.677 | T75: =R75-S75 -> 34173.323 | U75: ='Tennessee counties'!H29+'Tennessee counties'!H52+'Tennessee counties'!H59+'Tennessee counties'!H92 -> 61623 | V75: =$V$2 -> 36031.202 | W75: =U75-V75 -> 25591.798
A76: Williamson, Cheatham, & Robertson | B76: 1 | C76: ='Tennessee counties'!B77 -> 11077 | D76: =$D$2 -> 20410.263 | E76: =C76-D76 -> -9333.2626 | F76: ='Tennessee counties'!C77 -> 12947 | G76: =$G$2 -> 22068.576 | H76: =F76-G76 -> -9121.5758 | I76: ='Tennessee counties'!D95+'Tennessee counties'!D12+'Tennessee counties'!D75 -> 59069 | J76: =$J$2 -> 23615 | K76: =I76-J76 -> 35454 | L76: ='Tennessee counties'!E95+'Tennessee counties'!E12+'Tennessee counties'!E75 -> 60061 | M76: =$M$2 -> 26429.859 | N76: =L76-M76 -> 33631.141 | O76: ='Tennessee counties'!F95+'Tennessee counties'!F12+'Tennessee counties'!F75 -> 64194 | P76: =$P$2 -> 29452.939 | Q76: =O76-P76 -> 34741.061 | R76: ='Tennessee counties'!G95+'Tennessee counties'!G12+'Tennessee counties'!G75 -> 60498 | S76: =$S$2 -> 33249.677 | T76: =R76-S76 -> 27248.323 | U76: ='Tennessee counties'!H95+'Tennessee counties'!H12+'Tennessee counties'!H75 -> 62030 | V76: =$V$2 -> 36031.202 | W76: =U76-V76 -> 25998.798
A77: Montgomery & Houston | B77: 1 | C77: ='Tennessee counties'!B78 -> 3326 | D77: =$D$2 -> 20410.263 | E77: =C77-D77 -> -17084.263 | F77: ='Tennessee counties'!C78 -> 4202 | G77: =$G$2 -> 22068.576 | H77: =F77-G77 -> -17866.576 | I77: ='Tennessee counties'!D64+'Tennessee counties'!D43 -> 38477 | J77: =$J$2 -> 23615 | K77: =I77-J77 -> 14862 | L77: ='Tennessee counties'!E64+'Tennessee counties'!E43 -> 36437 | M77: =$M$2 -> 26429.859 | N77: =L77-M77 -> 10007.141 | O77: ='Tennessee counties'!F64+'Tennessee counties'!F43 -> 39778 | P77: =$P$2 -> 29452.939 | Q77: =O77-P77 -> 10325.061 | R77: ='Tennessee counties'!G64+'Tennessee counties'!G43 -> 49504 | S77: =$S$2 -> 33249.677 | T77: =R77-S77 -> 16254.323 | U77: ='Tennessee counties'!H64+'Tennessee counties'!H43 -> 60439 | V77: =$V$2 -> 36031.202 | W77: =U77-V77 -> 24407.798
A78: Humphreys & Perry | B78: 1 | C78: ='Tennessee counties'!B79 -> 22021 | D78: =$D$2 -> 20410.263 | E78: =C78-D78 -> 1610.7374 | F78: ='Tennessee counties'!C79 -> 22296 | G78: =$G$2 -> 22068.576 | H78: =F78-G78 -> 227.42424 | I78: ='Tennessee counties'!D44+'Tennessee counties'!D69 -> 21247 | J78: =$J$2 -> 23615 | K78: =I78-J78 -> -2368 | L78: ='Tennessee counties'!E44+'Tennessee counties'!E69 -> 19186 | M78: =$M$2 -> 26429.859 | N78: =L78-M78 -> -7243.8586 | O78: ='Tennessee counties'!F44+'Tennessee counties'!F69 -> 19956 | P78: =$P$2 -> 29452.939 | Q78: =O78-P78 -> -9496.9394 | R78: ='Tennessee counties'!G44+'Tennessee counties'!G69 -> 17492 | S78: =$S$2 -> 33249.677 | T78: =R78-S78 -> -15757.677 | U78: ='Tennessee counties'!H44+'Tennessee counties'!H69 -> 16784 | V78: =$V$2 -> 36031.202 | W78: =U78-V78 -> -19247.202
A79: Benton & Decatur | B79: 1 | C79: ='Tennessee counties'!B80 -> 153557 | D79: =$D$2 -> 20410.263 | E79: =C79-D79 -> 133146.74 | F79: ='Tennessee counties'!C80 -> 191439 | G79: =$G$2 -> 22068.576 | H79: =F79-G79 -> 169370.42 | I79: ='Tennessee counties'!D4+'Tennessee counties'!D21 -> 22244 | J79: =$J$2 -> 23615 | K79: =I79-J79 -> -1371 | L79: ='Tennessee counties'!E4+'Tennessee counties'!E21 -> 21343 | M79: =$M$2 -> 26429.859 | N79: =L79-M79 -> -5086.8586 | O79: ='Tennessee counties'!F4+'Tennessee counties'!F21 -> 22237 | P79: =$P$2 -> 29452.939 | Q79: =O79-P79 -> -7215.9394 | R79: ='Tennessee counties'!G4+'Tennessee counties'!G21 -> 20937 | S79: =$S$2 -> 33249.677 | T79: =R79-S79 -> -12312.677 | U79: ='Tennessee counties'!H4+'Tennessee counties'!H21 -> 18986 | V79: =$V$2 -> 36031.202 | W79: =U79-V79 -> -17045.202
A80: Henry, Weakley, & Carroll | B80: 1 | C80: ='Tennessee counties'!B81 -> 19026 | D80: =$D$2 -> 20410.263 | E80: =C80-D80 -> -1384.2626 | F80: ='Tennessee counties'!C81 -> 18548 | G80: =$G$2 -> 22068.576 | H80: =F80-G80 -> -3520.5758 | I80: ='Tennessee counties'!D41+'Tennessee counties'!D10+'Tennessee counties'!D93 -> 82565 | J80: =$J$2 -> 23615 | K80: =I80-J80 -> 58950 | L80: ='Tennessee counties'!E41+'Tennessee counties'!E10+'Tennessee counties'!E93 -> 81826 | M80: =$M$2 -> 26429.859 | N80: =L80-M80 -> 55396.141 | O80: ='Tennessee counties'!F41+'Tennessee counties'!F10+'Tennessee counties'!F93 -> 81353 | P80: =$P$2 -> 29452.939 | Q80: =O80-P80 -> 51900.061 | R80: ='Tennessee counties'!G41+'Tennessee counties'!G10+'Tennessee counties'!G93 -> 78343 | S80: =$S$2 -> 33249.677 | T80: =R80-S80 -> 45093.323 | U80: ='Tennessee counties'!H41+'Tennessee counties'!H10+'Tennessee counties'!H93 -> 69978 | V80: =$V$2 -> 36031.202 | W80: =U80-V80 -> 33946.798
A81: Madison & Henderson | B81: 1 | C81: ='Tennessee counties'!B82 -> 15224 | D81: =$D$2 -> 20410.263 | E81: =C81-D81 -> -5186.2626 | F81: ='Tennessee counties'!C82 -> 14860 | G81: =$G$2 -> 22068.576 | H81: =F81-G81 -> -7208.5758 | I81: ='Tennessee counties'!D56+'Tennessee counties'!D40 -> 36786 | J81: =$J$2 -> 23615 | K81: =I81-J81 -> 13171 | L81: ='Tennessee counties'!E56+'Tennessee counties'!E40 -> 37556 | M81: =$M$2 -> 26429.859 | N81: =L81-M81 -> 11126.141 | O81: ='Tennessee counties'!F56+'Tennessee counties'!F40 -> 39644 | P81: =$P$2 -> 29452.939 | Q81: =O81-P81 -> 10191.061 | R81: ='Tennessee counties'!G56+'Tennessee counties'!G40 -> 37563 | S81: =$S$2 -> 33249.677 | T81: =R81-S81 -> 4313.3232 | U81: ='Tennessee counties'!H56+'Tennessee counties'!H40 -> 34200 | V81: =$V$2 -> 36031.202 | W81: =U81-V81 -> -1831.202
A82: Tipton & Lauderdale | B82: 1 | C82: ='Tennessee counties'!B83 -> 24935 | D82: =$D$2 -> 20410.263 | E82: =C82-D82 -> 4524.7374 | F82: ='Tennessee counties'!C83 -> 28120 | G82: =$G$2 -> 22068.576 | H82: =F82-G82 -> 6051.4242 | I82: ='Tennessee counties'!D85+'Tennessee counties'!D50 -> 51752 | J82: =$J$2 -> 23615 | K82: =I82-J82 -> 28137 | L82: ='Tennessee counties'!E85+'Tennessee counties'!E50 -> 50904 | M82: =$M$2 -> 26429.859 | N82: =L82-M82 -> 24474.141 | O82: ='Tennessee counties'!F85+'Tennessee counties'!F50 -> 52497 | P82: =$P$2 -> 29452.939 | Q82: =O82-P82 -> 23044.061 | R82: ='Tennessee counties'!G85+'Tennessee counties'!G50 -> 54829 | S82: =$S$2 -> 33249.677 | T82: =R82-S82 -> 21579.323 | U82: ='Tennessee counties'!H85+'Tennessee counties'!H50 -> 50408 | V82: =$V$2 -> 36031.202 | W82: =U82-V82 -> 14376.798
A84: population change from 1900 | C84: =(SUM(C2:C82)/SUM(C2:C82))*100 -> 100 | D84: =(SUM(D2:D82)/SUM(D2:D82))*100 -> 100 | F84: =(SUM(F2:F82)/SUM(C2:C82))*100 -> 109.19873 | G84: =(SUM(G2:G82)/SUM(D2:D82))*100 -> 108.1249 | I84: =(SUM(I2:I82)/SUM(C2:C82))*100 -> 176.5549 | J84: =(SUM(J2:J82)/SUM(D2:D82))*100 -> 115.7016 | L84: =(SUM(L2:L82)/SUM(C2:C82))*100 -> 199.47607 | M84: =(SUM(M2:M82)/SUM(D2:D82))*100 -> 129.49299 | O84: =(SUM(O2:O82)/SUM(C2:C82))*100 -> 222.53907 | P84: =(SUM(P2:P82)/SUM(D2:D82))*100 -> 144.30456 | R84: =(SUM(R2:R82)/SUM(C2:C82))*100 -> 252.70989 | S84: =(SUM(S2:S82)/SUM(D2:D82))*100 -> 162.90666 | U84: =(SUM(U2:U82)/SUM(C2:C82))*100 -> 275.3393 | V84: =(SUM(V2:V82)/SUM(D2:D82))*100 -> 176.53473

Sheet Senate districts
A1: seat | B1: counties | C1: 1900 population | D1: ideal population | E1: deviation | F1: 1910 | G1: ideal population | H1: deviation | I1: 1920 | J1: ideal population | K1: deviation | L1: 1930 | M1: ideal population | N1: deviation | O1: 1940 | P1: ideal population | Q1: deviation | R1: 1950 | S1: ideal population | T1: deviation | U1: 1960 | V1: ideal population | W1: deviation
A2: 1 | B2: Johnson, Carter, Unicoi, Greene, & Washington | C2: ='Tennessee counties'!B47+'Tennessee counties'!B11+'Tennessee counties'!B31+'Tennessee counties'!B87+'Tennessee counties'!B91 -> 86328 | D2: =SUM('Tennessee counties'!B2:B96)/33 -> 61230.788 | E2: =C2-D2 -> 25097.212 | F2: ='Tennessee counties'!C47+'Tennessee counties'!C11+'Tennessee counties'!C31+'Tennessee counties'!C87+'Tennessee counties'!C91 -> 100281 | G2: =SUM('Tennessee counties'!C2:C96)/33 -> 66205.727 | H2: =F2-G2 -> 34075.273 | I2: ='Tennessee counties'!D47+'Tennessee counties'!D11+'Tennessee counties'!D31+'Tennessee counties'!D87+'Tennessee counties'!D91 -> 110714 | J2: =SUM('Tennessee counties'!D2:D96)/33 -> 70845 | K2: =I2-J2 -> 39869 | L2: ='Tennessee counties'!E47+'Tennessee counties'!E11+'Tennessee counties'!E31+'Tennessee counties'!E87+'Tennessee counties'!E91 -> 135034 | M2: =SUM('Tennessee counties'!E2:E96)/33 -> 79289.576 | N2: =L2-M2 -> 55744.424 | O2: ='Tennessee counties'!F47+'Tennessee counties'!F11+'Tennessee counties'!F31+'Tennessee counties'!F87+'Tennessee counties'!F91 -> 153289 | P2: =SUM('Tennessee counties'!F2:F96)/33 -> 88358.818 | Q2: =O2-P2 -> 64930.182 | R2: ='Tennessee counties'!G47+'Tennessee counties'!G11+'Tennessee counties'!G31+'Tennessee counties'!G87+'Tennessee counties'!G91 -> 171615 | S2: =SUM('Tennessee counties'!G2:G96)/33 -> 99749.03 | T2: =R2-S2 -> 71865.97 | U2: ='Tennessee counties'!H47+'Tennessee counties'!H11+'Tennessee counties'!H31+'Tennessee counties'!H87+'Tennessee counties'!H91 -> 174420 | V2: =SUM('Tennessee counties'!H2:H96)/33 -> 108093.61 | W2: =U2-V2 -> 66326.394
A3: 2 | B3: Sullivan & Hawkins | C3: ='Tennessee counties'!B83+'Tennessee counties'!B38 -> 49202 | D3: =$D$2 -> 61230.788 | E3: =C3-D3 -> -12028.788 | F3: ='Tennessee counties'!C83+'Tennessee counties'!C38 -> 51707 | G3: =$G$2 -> 66205.727 | H3: =F3-G3 -> -14498.727 | I3: ='Tennessee counties'!D83+'Tennessee counties'!D38 -> 59177 | J3: =$J$2 -> 70845 | K3: =I3-J3 -> -11668 | L3: ='Tennessee counties'!E83+'Tennessee counties'!E38 -> 75204 | M3: =$M$2 -> 79289.576 | N3: =L3-M3 -> -4085.5758 | O3: ='Tennessee counties'!F83+'Tennessee counties'!F38 -> 97608 | P3: =$P$2 -> 88358.818 | Q3: =O3-P3 -> 9249.1818 | R3: ='Tennessee counties'!G83+'Tennessee counties'!G38 -> 125557 | S3: =$S$2 -> 99749.03 | T3: =R3-S3 -> 25807.97 | U3: ='Tennessee counties'!H83+'Tennessee counties'!H38 -> 144607 | V3: =$V$2 -> 108093.61 | W3: =U3-V3 -> 36513.394
A4: 3 | B4: Hancock, Morgan, Grainger, Claiborne, Union, Campbell, & Scott | C4: ='Tennessee counties'!B35+'Tennessee counties'!B66+'Tennessee counties'!B30+'Tennessee counties'!B14+'Tennessee counties'!B88+'Tennessee counties'!B8+'Tennessee counties'!B77 -> 98230 | D4: =$D$2 -> 61230.788 | E4: =C4-D4 -> 36999.212 | F4: ='Tennessee counties'!C35+'Tennessee counties'!C66+'Tennessee counties'!C30+'Tennessee counties'!C14+'Tennessee counties'!C88+'Tennessee counties'!C8+'Tennessee counties'!C77 -> 111376 | G4: =$G$2 -> 66205.727 | H4: =F4-G4 -> 45170.273 | I4: ='Tennessee counties'!D35+'Tennessee counties'!D66+'Tennessee counties'!D30+'Tennessee counties'!D14+'Tennessee counties'!D88+'Tennessee counties'!D8+'Tennessee counties'!D77 -> 113685 | J4: =$J$2 -> 70845 | K4: =I4-J4 -> 42840 | L4: ='Tennessee counties'!E35+'Tennessee counties'!E66+'Tennessee counties'!E30+'Tennessee counties'!E14+'Tennessee counties'!E88+'Tennessee counties'!E8+'Tennessee counties'!E77 -> 112604 | M4: =$M$2 -> 79289.576 | N4: =L4-M4 -> 33314.424 | O4: ='Tennessee counties'!F35+'Tennessee counties'!F66+'Tennessee counties'!F30+'Tennessee counties'!F14+'Tennessee counties'!F88+'Tennessee counties'!F8+'Tennessee counties'!F77 -> 121613 | P4: =$P$2 -> 88358.818 | Q4: =O4-P4 -> 33254.182 | R4: ='Tennessee counties'!G35+'Tennessee counties'!G66+'Tennessee counties'!G30+'Tennessee counties'!G14+'Tennessee counties'!G88+'Tennessee counties'!G8+'Tennessee counties'!G77 -> 123118 | S4: =$S$2 -> 99749.03 | T4: =R4-S4 -> 23368.97 | U4: ='Tennessee counties'!H35+'Tennessee counties'!H66+'Tennessee counties'!H30+'Tennessee counties'!H14+'Tennessee counties'!H88+'Tennessee counties'!H8+'Tennessee counties'!H77 -> 105481 | V4: =$V$2 -> 108093.61 | W4: =U4-V4 -> -2612.6061
A5: 4 | B5: Cocke, Hamblen, Jefferson, Sevier, & Blount | C5: ='Tennessee counties'!B16+'Tennessee counties'!B34+'Tennessee counties'!B46+'Tennessee counties'!B6+'Tennessee counties'!B79 -> 146072 | D5: =$D$2 -> 61230.788 | E5: =C5-D5 -> 84841.212 | F5: ='Tennessee counties'!C16+'Tennessee counties'!C34+'Tennessee counties'!C46+'Tennessee counties'!C6+'Tennessee counties'!C79 -> 174736 | G5: =$G$2 -> 66205.727 | H5: =F5-G5 -> 108530.27 | I5: ='Tennessee counties'!D16+'Tennessee counties'!D34+'Tennessee counties'!D46+'Tennessee counties'!D6+'Tennessee counties'!D79 -> 205597 | J5: =$J$2 -> 70845 | K5: =I5-J5 -> 134752 | L5: ='Tennessee counties'!E16+'Tennessee counties'!E34+'Tennessee counties'!E46+'Tennessee counties'!E6+'Tennessee counties'!E79 -> 253655 | M5: =$M$2 -> 79289.576 | N5: =L5-M5 -> 174365.42 | O5: ='Tennessee counties'!F16+'Tennessee counties'!F34+'Tennessee counties'!F46+'Tennessee counties'!F6+'Tennessee counties'!F79 -> 287589 | P5: =$P$2 -> 88358.818 | Q5: =O5-P5 -> 199230.18 | R5: ='Tennessee counties'!G16+'Tennessee counties'!G34+'Tennessee counties'!G46+'Tennessee counties'!G6+'Tennessee counties'!G79 -> 328979 | S5: =$S$2 -> 99749.03 | T5: =R5-S5 -> 229229.97 | U5: ='Tennessee counties'!H16+'Tennessee counties'!H34+'Tennessee counties'!H46+'Tennessee counties'!H6+'Tennessee counties'!H79 -> 364564 | V5: =$V$2 -> 108093.61 | W5: =U5-V5 -> 256470.39
A6: 5 | B6: Knox | C6: ='Tennessee counties'!B48 -> 74302 | D6: =$D$2 -> 61230.788 | E6: =C6-D6 -> 13071.212 | F6: ='Tennessee counties'!C48 -> 94187 | G6: =$G$2 -> 66205.727 | H6: =F6-G6 -> 27981.273 | I6: ='Tennessee counties'!D48 -> 112926 | J6: =$J$2 -> 70845 | K6: =I6-J6 -> 42081 | L6: ='Tennessee counties'!E48 -> 155902 | M6: =$M$2 -> 79289.576 | N6: =L6-M6 -> 76612.424 | O6: ='Tennessee counties'!F48 -> 178468 | P6: =$P$2 -> 88358.818 | Q6: =O6-P6 -> 90109.182 | R6: ='Tennessee counties'!G48 -> 223007 | S6: =$S$2 -> 99749.03 | T6: =R6-S6 -> 123257.97 | U6: ='Tennessee counties'!H48 -> 250523 | V6: =$V$2 -> 108093.61 | W6: =U6-V6 -> 142429.39
A7: 6 | B7: Knox, Loudon, Anderson, & Roane | C7: ='Tennessee counties'!B48+'Tennessee counties'!B54+'Tennessee counties'!B2+'Tennessee counties'!B74 -> 125512 | D7: =$D$2 -> 61230.788 | E7: =C7-D7 -> 64281.212 | F7: ='Tennessee counties'!C48+'Tennessee counties'!C54+'Tennessee counties'!C2+'Tennessee counties'!C74 -> 148376 | G7: =$G$2 -> 66205.727 | H7: =F7-G7 -> 82170.273 | I7: ='Tennessee counties'!D48+'Tennessee counties'!D54+'Tennessee counties'!D2+'Tennessee counties'!D74 -> 172123 | J7: =$J$2 -> 70845 | K7: =I7-J7 -> 101278 | L7: ='Tennessee counties'!E48+'Tennessee counties'!E54+'Tennessee counties'!E2+'Tennessee counties'!E74 -> 217906 | M7: =$M$2 -> 79289.576 | N7: =L7-M7 -> 138616.42 | O7: ='Tennessee counties'!F48+'Tennessee counties'!F54+'Tennessee counties'!F2+'Tennessee counties'!F74 -> 252605 | P7: =$P$2 -> 88358.818 | Q7: =O7-P7 -> 164246.18 | R7: ='Tennessee counties'!G48+'Tennessee counties'!G54+'Tennessee counties'!G2+'Tennessee counties'!G74 -> 337261 | S7: =$S$2 -> 99749.03 | T7: =R7-S7 -> 237511.97 | U7: ='Tennessee counties'!H48+'Tennessee counties'!H54+'Tennessee counties'!H2+'Tennessee counties'!H74 -> 373445 | V7: =$V$2 -> 108093.61 | W7: =U7-V7 -> 265351.39
A8: 7 | B8: McMinn, Bradley, Monroe, & Polk | C8: ='Tennessee counties'!B60+'Tennessee counties'!B7+'Tennessee counties'!B63+'Tennessee counties'!B71 -> 64464 | D8: =$D$2 -> 61230.788 | E8: =C8-D8 -> 3233.2121 | F8: ='Tennessee counties'!C60+'Tennessee counties'!C7+'Tennessee counties'!C63+'Tennessee counties'!C71 -> 68040 | G8: =$G$2 -> 66205.727 | H8: =F8-G8 -> 1834.2727 | I8: ='Tennessee counties'!D60+'Tennessee counties'!D7+'Tennessee counties'!D63+'Tennessee counties'!D71 -> 72330 | J8: =$J$2 -> 70845 | K8: =I8-J8 -> 1485 | L8: ='Tennessee counties'!E60+'Tennessee counties'!E7+'Tennessee counties'!E63+'Tennessee counties'!E71 -> 75507 | M8: =$M$2 -> 79289.576 | N8: =L8-M8 -> -3782.5758 | O8: ='Tennessee counties'!F60+'Tennessee counties'!F7+'Tennessee counties'!F63+'Tennessee counties'!F71 -> 84276 | P8: =$P$2 -> 88358.818 | Q8: =O8-P8 -> -4082.8182 | R8: ='Tennessee counties'!G60+'Tennessee counties'!G7+'Tennessee counties'!G63+'Tennessee counties'!G71 -> 88693 | S8: =$S$2 -> 99749.03 | T8: =R8-S8 -> -11056.03 | U8: ='Tennessee counties'!H60+'Tennessee counties'!H7+'Tennessee counties'!H63+'Tennessee counties'!H71 -> 90659 | V8: =$V$2 -> 108093.61 | W8: =U8-V8 -> -17434.606
A9: 8 | B9: Hamilton | C9: ='Tennessee counties'!B34 -> 67102 | D9: =$D$2 -> 61230.788 | E9: =C9-D9 -> 5871.2121 | F9: ='Tennessee counties'!C34 -> 94477 | G9: =$G$2 -> 66205.727 | H9: =F9-G9 -> 28271.273 | I9: ='Tennessee counties'!D34 -> 115954 | J9: =$J$2 -> 70845 | K9: =I9-J9 -> 45109 | L9: ='Tennessee counties'!E34 -> 159497 | M9: =$M$2 -> 79289.576 | N9: =L9-M9 -> 80207.424 | O9: ='Tennessee counties'!F34 -> 180478 | P9: =$P$2 -> 88358.818 | Q9: =O9-P9 -> 92119.182 | R9: ='Tennessee counties'!G34 -> 208255 | S9: =$S$2 -> 99749.03 | T9: =R9-S9 -> 108505.97 | U9: ='Tennessee counties'!H34 -> 237905 | V9: =$V$2 -> 108093.61 | W9: =U9-V9 -> 129811.39
A10: 9 | B10: Rhea, Meigs, Bledsoe, Sequatchie, Van Buren, White, & Cumberland | C10: ='Tennessee counties'!B73+'Tennessee counties'!B62+'Tennessee counties'!B5+'Tennessee counties'!B78+'Tennessee counties'!B89+'Tennessee counties'!B94+'Tennessee counties'!B19 -> 57355 | D10: =$D$2 -> 61230.788 | E10: =C10-D10 -> -3875.7879 | F10: ='Tennessee counties'!C73+'Tennessee counties'!C62+'Tennessee counties'!C5+'Tennessee counties'!C78+'Tennessee counties'!C89+'Tennessee counties'!C94+'Tennessee counties'!C19 -> 59603 | G10: =$G$2 -> 66205.727 | H10: =F10-G10 -> -6602.7273 | I10: ='Tennessee counties'!D73+'Tennessee counties'!D62+'Tennessee counties'!D5+'Tennessee counties'!D78+'Tennessee counties'!D89+'Tennessee counties'!D94+'Tennessee counties'!D19 -> 59158 | J10: =$J$2 -> 70845 | K10: =I10-J10 -> -11687 | L10: ='Tennessee counties'!E73+'Tennessee counties'!E62+'Tennessee counties'!E5+'Tennessee counties'!E78+'Tennessee counties'!E89+'Tennessee counties'!E94+'Tennessee counties'!E19 -> 61672 | M10: =$M$2 -> 79289.576 | N10: =L10-M10 -> -17617.576 | O10: ='Tennessee counties'!F73+'Tennessee counties'!F62+'Tennessee counties'!F5+'Tennessee counties'!F78+'Tennessee counties'!F89+'Tennessee counties'!F94+'Tennessee counties'!F19 -> 71807 | P10: =$P$2 -> 88358.818 | Q10: =O10-P10 -> -16551.818 | R10: ='Tennessee counties'!G73+'Tennessee counties'!G62+'Tennessee counties'!G5+'Tennessee counties'!G78+'Tennessee counties'!G89+'Tennessee counties'!G94+'Tennessee counties'!G19 -> 75433 | S10: =$S$2 -> 99749.03 | T10: =R10-S10 -> -24316.03 | U10: ='Tennessee counties'!H73+'Tennessee counties'!H62+'Tennessee counties'!H5+'Tennessee counties'!H78+'Tennessee counties'!H89+'Tennessee counties'!H94+'Tennessee counties'!H19 -> 73132 | V10: =$V$2 -> 108093.61 | W10: =U10-V10 -> -34961.606
A11: 10 | B11: Fentress, Pickett, Clay, Overton, Putnam, & Jackson | C11: ='Tennessee counties'!B26+'Tennessee counties'!B70+'Tennessee counties'!B15+'Tennessee counties'!B68+'Tennessee counties'!B72+'Tennessee counties'!B45 -> 65175 | D11: =$D$2 -> 61230.788 | E11: =C11-D11 -> 3944.2121 | F11: ='Tennessee counties'!C26+'Tennessee counties'!C70+'Tennessee counties'!C15+'Tennessee counties'!C68+'Tennessee counties'!C72+'Tennessee counties'!C45 -> 72455 | G11: =$G$2 -> 66205.727 | H11: =F11-G11 -> 6249.2727 | I11: ='Tennessee counties'!D26+'Tennessee counties'!D70+'Tennessee counties'!D15+'Tennessee counties'!D68+'Tennessee counties'!D72+'Tennessee counties'!D45 -> 79636 | J11: =$J$2 -> 70845 | K11: =I11-J11 -> 8791 | L11: ='Tennessee counties'!E26+'Tennessee counties'!E70+'Tennessee counties'!E15+'Tennessee counties'!E68+'Tennessee counties'!E72+'Tennessee counties'!E45 -> 81655 | M11: =$M$2 -> 79289.576 | N11: =L11-M11 -> 2365.4242 | O11: ='Tennessee counties'!F26+'Tennessee counties'!F70+'Tennessee counties'!F15+'Tennessee counties'!F68+'Tennessee counties'!F72+'Tennessee counties'!F45 -> 91594 | P11: =$P$2 -> 88358.818 | Q11: =O11-P11 -> 3235.1818 | R11: ='Tennessee counties'!G26+'Tennessee counties'!G70+'Tennessee counties'!G15+'Tennessee counties'!G68+'Tennessee counties'!G72+'Tennessee counties'!G45 -> 88494 | S11: =$S$2 -> 99749.03 | T11: =R11-S11 -> -11255.03 | U11: ='Tennessee counties'!H26+'Tennessee counties'!H70+'Tennessee counties'!H15+'Tennessee counties'!H68+'Tennessee counties'!H72+'Tennessee counties'!H45 -> 78138 | V11: =$V$2 -> 108093.61 | W11: =U11-V11 -> -29955.606
A12: 11 | B12: Marion, Franklin, Grundy, & Warren | C12: ='Tennessee counties'!B57+'Tennessee counties'!B27+'Tennessee counties'!B32+'Tennessee counties'!B90 -> 57485 | D12: =$D$2 -> 61230.788 | E12: =C12-D12 -> -3745.7879 | F12: ='Tennessee counties'!C57+'Tennessee counties'!C27+'Tennessee counties'!C32+'Tennessee counties'!C90 -> 59906 | G12: =$G$2 -> 66205.727 | H12: =F12-G12 -> -6299.7273 | I12: ='Tennessee counties'!D57+'Tennessee counties'!D27+'Tennessee counties'!D32+'Tennessee counties'!D90 -> 62622 | J12: =$J$2 -> 70845 | K12: =I12-J12 -> -8223 | L12: ='Tennessee counties'!E57+'Tennessee counties'!E27+'Tennessee counties'!E32+'Tennessee counties'!E90 -> 65594 | M12: =$M$2 -> 79289.576 | N12: =L12-M12 -> -13695.576 | O12: ='Tennessee counties'!F57+'Tennessee counties'!F27+'Tennessee counties'!F32+'Tennessee counties'!F90 -> 70112 | P12: =$P$2 -> 88358.818 | Q12: =O12-P12 -> -18246.818 | R12: ='Tennessee counties'!G57+'Tennessee counties'!G27+'Tennessee counties'!G32+'Tennessee counties'!G90 -> 73859 | S12: =$S$2 -> 99749.03 | T12: =R12-S12 -> -25890.03 | U12: ='Tennessee counties'!H57+'Tennessee counties'!H27+'Tennessee counties'!H32+'Tennessee counties'!H90 -> 72339 | V12: =$V$2 -> 108093.61 | W12: =U12-V12 -> -35754.606
A13: 12 | B13: Rutherford, Cannon, & DeKalb | C13: ='Tennessee counties'!B76+'Tennessee counties'!B9+'Tennessee counties'!B22 -> 62124 | D13: =$D$2 -> 61230.788 | E13: =C13-D13 -> 893.21212 | F13: ='Tennessee counties'!C76+'Tennessee counties'!C9+'Tennessee counties'!C22 -> 59458 | G13: =$G$2 -> 66205.727 | H13: =F13-G13 -> -6747.7273 | I13: ='Tennessee counties'!D76+'Tennessee counties'!D9+'Tennessee counties'!D22 -> 58670 | J13: =$J$2 -> 70845 | K13: =I13-J13 -> -12175 | L13: ='Tennessee counties'!E76+'Tennessee counties'!E9+'Tennessee counties'!E22 -> 55434 | M13: =$M$2 -> 79289.576 | N13: =L13-M13 -> -23855.576 | O13: ='Tennessee counties'!F76+'Tennessee counties'!F9+'Tennessee counties'!F22 -> 58072 | P13: =$P$2 -> 88358.818 | Q13: =O13-P13 -> -30286.818 | R13: ='Tennessee counties'!G76+'Tennessee counties'!G9+'Tennessee counties'!G22 -> 61550 | S13: =$S$2 -> 99749.03 | T13: =R13-S13 -> -38199.03 | U13: ='Tennessee counties'!H76+'Tennessee counties'!H9+'Tennessee counties'!H22 -> 71679 | V13: =$V$2 -> 108093.61 | W13: =U13-V13 -> -36414.606
A14: 13 | B14: Wilson & Smith | C14: ='Tennessee counties'!B96+'Tennessee counties'!B81 -> 46104 | D14: =$D$2 -> 61230.788 | E14: =C14-D14 -> -15126.788 | F14: ='Tennessee counties'!C96+'Tennessee counties'!C81 -> 43942 | G14: =$G$2 -> 66205.727 | H14: =F14-G14 -> -22263.727 | I14: ='Tennessee counties'!D96+'Tennessee counties'!D81 -> 43375 | J14: =$J$2 -> 70845 | K14: =I14-J14 -> -27470 | L14: ='Tennessee counties'!E96+'Tennessee counties'!E81 -> 39402 | M14: =$M$2 -> 79289.576 | N14: =L14-M14 -> -39887.576 | O14: ='Tennessee counties'!F96+'Tennessee counties'!F81 -> 41415 | P14: =$P$2 -> 88358.818 | Q14: =O14-P14 -> -46943.818 | R14: ='Tennessee counties'!G96+'Tennessee counties'!G81 -> 40416 | S14: =$S$2 -> 99749.03 | T14: =R14-S14 -> -59333.03 | U14: ='Tennessee counties'!H96+'Tennessee counties'!H81 -> 39727 | V14: =$V$2 -> 108093.61 | W14: =U14-V14 -> -68366.606
A15: 14 | B15: Sumner, Trousdale, & Macon | C15: ='Tennessee counties'!B84+'Tennessee counties'!B86+'Tennessee counties'!B55 -> 51239 | D15: =$D$2 -> 61230.788 | E15: =C15-D15 -> -9991.7879 | F15: ='Tennessee counties'!C84+'Tennessee counties'!C86+'Tennessee counties'!C55 -> 52541 | G15: =$G$2 -> 66205.727 | H15: =F15-G15 -> -13664.727 | I15: ='Tennessee counties'!D84+'Tennessee counties'!D86+'Tennessee counties'!D55 -> 58837 | J15: =$J$2 -> 70845 | K15: =I15-J15 -> -12008 | L15: ='Tennessee counties'!E84+'Tennessee counties'!E86+'Tennessee counties'!E55 -> 63270 | M15: =$M$2 -> 79289.576 | N15: =L15-M15 -> -16019.576 | O15: ='Tennessee counties'!F84+'Tennessee counties'!F86+'Tennessee counties'!F55 -> 69613 | P15: =$P$2 -> 88358.818 | Q15: =O15-P15 -> -18745.818 | R15: ='Tennessee counties'!G84+'Tennessee counties'!G86+'Tennessee counties'!G55 -> 71077 | S15: =$S$2 -> 99749.03 | T15: =R15-S15 -> -28672.03 | U15: ='Tennessee counties'!H84+'Tennessee counties'!H86+'Tennessee counties'!H55 -> 74793 | V15: =$V$2 -> 108093.61 | W15: =U15-V15 -> -33300.606
A16: 15 | B16: Montgomery & Robertson | C16: ='Tennessee counties'!B64+'Tennessee counties'!B75 -> 61046 | D16: =$D$2 -> 61230.788 | E16: =C16-D16 -> -184.78788 | F16: ='Tennessee counties'!C64+'Tennessee counties'!C75 -> 59138 | G16: =$G$2 -> 66205.727 | H16: =F16-G16 -> -7067.7273 | I16: ='Tennessee counties'!D64+'Tennessee counties'!D75 -> 57886 | J16: =$J$2 -> 70845 | K16: =I16-J16 -> -12959 | L16: ='Tennessee counties'!E64+'Tennessee counties'!E75 -> 59073 | M16: =$M$2 -> 79289.576 | N16: =L16-M16 -> -20216.576 | O16: ='Tennessee counties'!F64+'Tennessee counties'!F75 -> 62392 | P16: =$P$2 -> 88358.818 | Q16: =O16-P16 -> -25966.818 | R16: ='Tennessee counties'!G64+'Tennessee counties'!G75 -> 71210 | S16: =$S$2 -> 99749.03 | T16: =R16-S16 -> -28539.03 | U16: ='Tennessee counties'!H64+'Tennessee counties'!H75 -> 82980 | V16: =$V$2 -> 108093.61 | W16: =U16-V16 -> -25113.606
A17: 16 | B17: Davidson | C17: ='Tennessee counties'!B20 -> 122815 | D17: =$D$2 -> 61230.788 | E17: =C17-D17 -> 61584.212 | F17: ='Tennessee counties'!C20 -> 149478 | G17: =$G$2 -> 66205.727 | H17: =F17-G17 -> 83272.273 | I17: ='Tennessee counties'!D20 -> 167815 | J17: =$J$2 -> 70845 | K17: =I17-J17 -> 96970 | L17: ='Tennessee counties'!E20 -> 222854 | M17: =$M$2 -> 79289.576 | N17: =L17-M17 -> 143564.42 | O17: ='Tennessee counties'!F20 -> 257267 | P17: =$P$2 -> 88358.818 | Q17: =O17-P17 -> 168908.18 | R17: ='Tennessee counties'!G20 -> 321758 | S17: =$S$2 -> 99749.03 | T17: =R17-S17 -> 222008.97 | U17: ='Tennessee counties'!H20 -> 399743 | V17: =$V$2 -> 108093.61 | W17: =U17-V17 -> 291649.39
A18: 17 | B18: Davidson | C18: ='Tennessee counties'!B20 -> 122815 | D18: =$D$2 -> 61230.788 | E18: =C18-D18 -> 61584.212 | F18: ='Tennessee counties'!C20 -> 149478 | G18: =$G$2 -> 66205.727 | H18: =F18-G18 -> 83272.273 | I18: ='Tennessee counties'!D20 -> 167815 | J18: =$J$2 -> 70845 | K18: =I18-J18 -> 96970 | L18: ='Tennessee counties'!E20 -> 222854 | M18: =$M$2 -> 79289.576 | N18: =L18-M18 -> 143564.42 | O18: ='Tennessee counties'!F20 -> 257267 | P18: =$P$2 -> 88358.818 | Q18: =O18-P18 -> 168908.18 | R18: ='Tennessee counties'!G20 -> 321758 | S18: =$S$2 -> 99749.03 | T18: =R18-S18 -> 222008.97 | U18: ='Tennessee counties'!H20 -> 399743 | V18: =$V$2 -> 108093.61 | W18: =U18-V18 -> 291649.39
A19: 18 | B19: Bedford, Coffee, & Moore | C19: ='Tennessee counties'!B3+'Tennessee counties'!B17+'Tennessee counties'!B65 -> 45125 | D19: =$D$2 -> 61230.788 | E19: =C19-D19 -> -16105.788 | F19: ='Tennessee counties'!C3+'Tennessee counties'!C17+'Tennessee counties'!C65 -> 43092 | G19: =$G$2 -> 66205.727 | H19: =F19-G19 -> -23113.727 | I19: ='Tennessee counties'!D3+'Tennessee counties'!D17+'Tennessee counties'!D65 -> 43572 | J19: =$J$2 -> 70845 | K19: =I19-J19 -> -27273 | L19: ='Tennessee counties'!E3+'Tennessee counties'!E17+'Tennessee counties'!E65 -> 41915 | M19: =$M$2 -> 79289.576 | N19: =L19-M19 -> -37374.576 | O19: ='Tennessee counties'!F3+'Tennessee counties'!F17+'Tennessee counties'!F65 -> 46203 | P19: =$P$2 -> 88358.818 | Q19: =O19-P19 -> -42155.818 | R19: ='Tennessee counties'!G3+'Tennessee counties'!G17+'Tennessee counties'!G65 -> 50624 | S19: =$S$2 -> 99749.03 | T19: =R19-S19 -> -49125.03 | U19: ='Tennessee counties'!H3+'Tennessee counties'!H17+'Tennessee counties'!H65 -> 55207 | V19: =$V$2 -> 108093.61 | W19: =U19-V19 -> -52886.606
A20: 19 | B20: Lincoln & Marshall | C20: ='Tennessee counties'!B53+'Tennessee counties'!B58 -> 62637 | D20: =$D$2 -> 61230.788 | E20: =C20-D20 -> 1406.2121 | F20: ='Tennessee counties'!C53+'Tennessee counties'!C58 -> 65265 | G20: =$G$2 -> 66205.727 | H20: =F20-G20 -> -940.72727 | I20: ='Tennessee counties'!D53+'Tennessee counties'!D58 -> 69610 | J20: =$J$2 -> 70845 | K20: =I20-J20 -> -1235 | L20: ='Tennessee counties'!E53+'Tennessee counties'!E58 -> 76481 | M20: =$M$2 -> 79289.576 | N20: =L20-M20 -> -2808.5758 | O20: ='Tennessee counties'!F53+'Tennessee counties'!F58 -> 81329 | P20: =$P$2 -> 88358.818 | Q20: =O20-P20 -> -7029.8182 | R20: ='Tennessee counties'!G53+'Tennessee counties'!G58 -> 85752 | S20: =$S$2 -> 99749.03 | T20: =R20-S20 -> -13997.03 | U20: ='Tennessee counties'!H53+'Tennessee counties'!H58 -> 84484 | V20: =$V$2 -> 108093.61 | W20: =U20-V20 -> -23609.606
A21: 20 | B21: Maury, Perry, & Lewis | C21: ='Tennessee counties'!B59+'Tennessee counties'!B69+'Tennessee counties'!B52 -> 30536 | D21: =$D$2 -> 61230.788 | E21: =C21-D21 -> -30694.788 | F21: ='Tennessee counties'!C59+'Tennessee counties'!C69+'Tennessee counties'!C52 -> 33668 | G21: =$G$2 -> 66205.727 | H21: =F21-G21 -> -32537.727 | I21: ='Tennessee counties'!D59+'Tennessee counties'!D69+'Tennessee counties'!D52 -> 30874 | J21: =$J$2 -> 70845 | K21: =I21-J21 -> -39971 | L21: ='Tennessee counties'!E59+'Tennessee counties'!E69+'Tennessee counties'!E52 -> 29954 | M21: =$M$2 -> 79289.576 | N21: =L21-M21 -> -49335.576 | O21: ='Tennessee counties'!F59+'Tennessee counties'!F69+'Tennessee counties'!F52 -> 32524 | P21: =$P$2 -> 88358.818 | Q21: =O21-P21 -> -55834.818 | R21: ='Tennessee counties'!G59+'Tennessee counties'!G69+'Tennessee counties'!G52 -> 33060 | S21: =$S$2 -> 99749.03 | T21: =R21-S21 -> -66689.03 | U21: ='Tennessee counties'!H59+'Tennessee counties'!H69+'Tennessee counties'!H52 -> 32578 | V21: =$V$2 -> 108093.61 | W21: =U21-V21 -> -75515.606
A22: 21 | B22: Hickman, Williamson, & Cheatham | C22: ='Tennessee counties'!B42+'Tennessee counties'!B95+'Tennessee counties'!B12 -> 52908 | D22: =$D$2 -> 61230.788 | E22: =C22-D22 -> -8322.7879 | F22: ='Tennessee counties'!C42+'Tennessee counties'!C95+'Tennessee counties'!C12 -> 51280 | G22: =$G$2 -> 66205.727 | H22: =F22-G22 -> -14925.727 | I22: ='Tennessee counties'!D42+'Tennessee counties'!D95+'Tennessee counties'!D12 -> 49664 | J22: =$J$2 -> 70845 | K22: =I22-J22 -> -21181 | L22: ='Tennessee counties'!E42+'Tennessee counties'!E95+'Tennessee counties'!E12 -> 45483 | M22: =$M$2 -> 79289.576 | N22: =L22-M22 -> -33806.576 | O22: ='Tennessee counties'!F42+'Tennessee counties'!F95+'Tennessee counties'!F12 -> 50021 | P22: =$P$2 -> 88358.818 | Q22: =O22-P22 -> -38337.818 | R22: ='Tennessee counties'!G42+'Tennessee counties'!G95+'Tennessee counties'!G12 -> 46827 | S22: =$S$2 -> 99749.03 | T22: =R22-S22 -> -52922.03 | U22: ='Tennessee counties'!H42+'Tennessee counties'!H95+'Tennessee counties'!H12 -> 46557 | V22: =$V$2 -> 108093.61 | W22: =U22-V22 -> -61536.606
A23: 22 | B23: Giles, Lawrence, & Wayne | C23: ='Tennessee counties'!B29+'Tennessee counties'!B51+'Tennessee counties'!B92 -> 61373 | D23: =$D$2 -> 61230.788 | E23: =C23-D23 -> 142.21212 | F23: ='Tennessee counties'!C29+'Tennessee counties'!C51+'Tennessee counties'!C92 -> 62260 | G23: =$G$2 -> 66205.727 | H23: =F23-G23 -> -3945.7273 | I23: ='Tennessee counties'!D29+'Tennessee counties'!D51+'Tennessee counties'!D92 -> 67418 | J23: =$J$2 -> 70845 | K23: =I23-J23 -> -3427 | L23: ='Tennessee counties'!E29+'Tennessee counties'!E51+'Tennessee counties'!E92 -> 66926 | M23: =$M$2 -> 79289.576 | N23: =L23-M23 -> -12363.576 | O23: ='Tennessee counties'!F29+'Tennessee counties'!F51+'Tennessee counties'!F92 -> 71604 | P23: =$P$2 -> 88358.818 | Q23: =O23-P23 -> -16754.818 | R23: ='Tennessee counties'!G29+'Tennessee counties'!G51+'Tennessee counties'!G92 -> 69643 | S23: =$S$2 -> 99749.03 | T23: =R23-S23 -> -30106.03 | U23: ='Tennessee counties'!H29+'Tennessee counties'!H51+'Tennessee counties'!H92 -> 62367 | V23: =$V$2 -> 108093.61 | W23: =U23-V23 -> -45726.606
A24: 23 | B24: Dickson, Humphreys, Houston, & Stewart | C24: ='Tennessee counties'!B23+'Tennessee counties'!B44+'Tennessee counties'!B43+'Tennessee counties'!B82 -> 53733 | D24: =$D$2 -> 61230.788 | E24: =C24-D24 -> -7497.7879 | F24: ='Tennessee counties'!C23+'Tennessee counties'!C44+'Tennessee counties'!C43+'Tennessee counties'!C82 -> 54947 | G24: =$G$2 -> 66205.727 | H24: =F24-G24 -> -11258.727 | I24: ='Tennessee counties'!D23+'Tennessee counties'!D44+'Tennessee counties'!D43+'Tennessee counties'!D82 -> 53700 | J24: =$J$2 -> 70845 | K24: =I24-J24 -> -17145 | L24: ='Tennessee counties'!E23+'Tennessee counties'!E44+'Tennessee counties'!E43+'Tennessee counties'!E82 -> 49363 | M24: =$M$2 -> 79289.576 | N24: =L24-M24 -> -29926.576 | O24: ='Tennessee counties'!F23+'Tennessee counties'!F44+'Tennessee counties'!F43+'Tennessee counties'!F82 -> 52120 | P24: =$P$2 -> 88358.818 | Q24: =O24-P24 -> -36238.818 | R24: ='Tennessee counties'!G23+'Tennessee counties'!G44+'Tennessee counties'!G43+'Tennessee counties'!G82 -> 44328 | S24: =$S$2 -> 99749.03 | T24: =R24-S24 -> -55421.03 | U24: ='Tennessee counties'!H23+'Tennessee counties'!H44+'Tennessee counties'!H43+'Tennessee counties'!H82 -> 42995 | V24: =$V$2 -> 108093.61 | W24: =U24-V24 -> -65098.606
A25: 24 | B25: Henry & Carroll | C25: ='Tennessee counties'!B41+'Tennessee counties'!B10 -> 48458 | D25: =$D$2 -> 61230.788 | E25: =C25-D25 -> -12772.788 | F25: ='Tennessee counties'!C41+'Tennessee counties'!C10 -> 49405 | G25: =$G$2 -> 66205.727 | H25: =F25-G25 -> -16800.727 | I25: ='Tennessee counties'!D41+'Tennessee counties'!D10 -> 51512 | J25: =$J$2 -> 70845 | K25: =I25-J25 -> -19333 | L25: ='Tennessee counties'!E41+'Tennessee counties'!E10 -> 52564 | M25: =$M$2 -> 79289.576 | N25: =L25-M25 -> -26725.576 | O25: ='Tennessee counties'!F41+'Tennessee counties'!F10 -> 51855 | P25: =$P$2 -> 88358.818 | Q25: =O25-P25 -> -36503.818 | R25: ='Tennessee counties'!G41+'Tennessee counties'!G10 -> 50381 | S25: =$S$2 -> 99749.03 | T25: =R25-S25 -> -49368.03 | U25: ='Tennessee counties'!H41+'Tennessee counties'!H10 -> 45751 | V25: =$V$2 -> 108093.61 | W25: =U25-V25 -> -62342.606
A26: 25 | B26: Madison, Henderson, & Chester | C26: ='Tennessee counties'!B56+'Tennessee counties'!B40+'Tennessee counties'!B13 -> 45773 | D26: =$D$2 -> 61230.788 | E26: =C26-D26 -> -15457.788 | F26: ='Tennessee counties'!C56+'Tennessee counties'!C40+'Tennessee counties'!C13 -> 42476 | G26: =$G$2 -> 66205.727 | H26: =F26-G26 -> -23729.727 | I26: ='Tennessee counties'!D56+'Tennessee counties'!D40+'Tennessee counties'!D13 -> 46455 | J26: =$J$2 -> 70845 | K26: =I26-J26 -> -24390 | L26: ='Tennessee counties'!E56+'Tennessee counties'!E40+'Tennessee counties'!E13 -> 48159 | M26: =$M$2 -> 79289.576 | N26: =L26-M26 -> -31130.576 | O26: ='Tennessee counties'!F56+'Tennessee counties'!F40+'Tennessee counties'!F13 -> 50768 | P26: =$P$2 -> 88358.818 | Q26: =O26-P26 -> -37590.818 | R26: ='Tennessee counties'!G56+'Tennessee counties'!G40+'Tennessee counties'!G13 -> 48712 | S26: =$S$2 -> 99749.03 | T26: =R26-S26 -> -51037.03 | U26: ='Tennessee counties'!H56+'Tennessee counties'!H40+'Tennessee counties'!H13 -> 43769 | V26: =$V$2 -> 108093.61 | W26: =U26-V26 -> -64324.606
A27: 26 | B27: Hardeman, McNairy, Hardin, Decatur, & Benton | C27: ='Tennessee counties'!B36+'Tennessee counties'!B61+'Tennessee counties'!B37+'Tennessee counties'!B21+'Tennessee counties'!B4 -> 107252 | D27: =$D$2 -> 61230.788 | E27: =C27-D27 -> 46021.212 | F27: ='Tennessee counties'!C36+'Tennessee counties'!C61+'Tennessee counties'!C37+'Tennessee counties'!C21+'Tennessee counties'!C4 -> 103533 | G27: =$G$2 -> 66205.727 | H27: =F27-G27 -> 37327.273 | I27: ='Tennessee counties'!D36+'Tennessee counties'!D61+'Tennessee counties'!D37+'Tennessee counties'!D21+'Tennessee counties'!D4 -> 97216 | J27: =$J$2 -> 70845 | K27: =I27-J27 -> 26371 | L27: ='Tennessee counties'!E36+'Tennessee counties'!E61+'Tennessee counties'!E37+'Tennessee counties'!E21+'Tennessee counties'!E4 -> 93765 | M27: =$M$2 -> 79289.576 | N27: =L27-M27 -> 14475.424 | O27: ='Tennessee counties'!F36+'Tennessee counties'!F61+'Tennessee counties'!F37+'Tennessee counties'!F21+'Tennessee counties'!F4 -> 103990 | P27: =$P$2 -> 88358.818 | Q27: =O27-P27 -> 15631.182 | R27: ='Tennessee counties'!G36+'Tennessee counties'!G61+'Tennessee counties'!G37+'Tennessee counties'!G21+'Tennessee counties'!G4 -> 101524 | S27: =$S$2 -> 99749.03 | T27: =R27-S27 -> 1774.9697 | U27: ='Tennessee counties'!H36+'Tennessee counties'!H61+'Tennessee counties'!H37+'Tennessee counties'!H21+'Tennessee counties'!H4 -> 99599 | V27: =$V$2 -> 108093.61 | W27: =U27-V27 -> -8494.6061
A28: 27 | B28: Gibson | C28: ='Tennessee counties'!B28 -> 39408 | D28: =$D$2 -> 61230.788 | E28: =C28-D28 -> -21822.788 | F28: ='Tennessee counties'!C28 -> 41630 | G28: =$G$2 -> 66205.727 | H28: =F28-G28 -> -24575.727 | I28: ='Tennessee counties'!D28 -> 43388 | J28: =$J$2 -> 70845 | K28: =I28-J28 -> -27457 | L28: ='Tennessee counties'!E28 -> 46528 | M28: =$M$2 -> 79289.576 | N28: =L28-M28 -> -32761.576 | O28: ='Tennessee counties'!F28 -> 44835 | P28: =$P$2 -> 88358.818 | Q28: =O28-P28 -> -43523.818 | R28: ='Tennessee counties'!G28 -> 48132 | S28: =$S$2 -> 99749.03 | T28: =R28-S28 -> -51617.03 | U28: ='Tennessee counties'!H28 -> 44699 | V28: =$V$2 -> 108093.61 | W28: =U28-V28 -> -63394.606
A29: 28 | B29: Lake, Obion, & Weakley | C29: ='Tennessee counties'!B49+'Tennessee counties'!B67+'Tennessee counties'!B93 -> 68200 | D29: =$D$2 -> 61230.788 | E29: =C29-D29 -> 6969.2121 | F29: ='Tennessee counties'!C49+'Tennessee counties'!C67+'Tennessee counties'!C93 -> 70579 | G29: =$G$2 -> 66205.727 | H29: =F29-G29 -> 4373.2727 | I29: ='Tennessee counties'!D49+'Tennessee counties'!D67+'Tennessee counties'!D93 -> 68521 | J29: =$J$2 -> 70845 | K29: =I29-J29 -> -2324 | L29: ='Tennessee counties'!E49+'Tennessee counties'!E67+'Tennessee counties'!E93 -> 68834 | M29: =$M$2 -> 79289.576 | N29: =L29-M29 -> -10455.576 | O29: ='Tennessee counties'!F49+'Tennessee counties'!F67+'Tennessee counties'!F93 -> 71711 | P29: =$P$2 -> 88358.818 | Q29: =O29-P29 -> -16647.818 | R29: ='Tennessee counties'!G49+'Tennessee counties'!G67+'Tennessee counties'!G93 -> 68673 | S29: =$S$2 -> 99749.03 | T29: =R29-S29 -> -31076.03 | U29: ='Tennessee counties'!H49+'Tennessee counties'!H67+'Tennessee counties'!H93 -> 60756 | V29: =$V$2 -> 108093.61 | W29: =U29-V29 -> -47337.606
A30: 29 | B30: Dyer, Lauderdale, & Crockett | C30: ='Tennessee counties'!B24+'Tennessee counties'!B18+'Tennessee counties'!B50 -> 61614 | D30: =$D$2 -> 61230.788 | E30: =C30-D30 -> 383.21212 | F30: ='Tennessee counties'!C24+'Tennessee counties'!C18+'Tennessee counties'!C50 -> 64902 | G30: =$G$2 -> 66205.727 | H30: =F30-G30 -> -1303.7273 | I30: ='Tennessee counties'!D24+'Tennessee counties'!D18+'Tennessee counties'!D50 -> 68915 | J30: =$J$2 -> 70845 | K30: =I30-J30 -> -1930 | L30: ='Tennessee counties'!E24+'Tennessee counties'!E18+'Tennessee counties'!E50 -> 72170 | M30: =$M$2 -> 79289.576 | N30: =L30-M30 -> -7119.5758 | O30: ='Tennessee counties'!F24+'Tennessee counties'!F18+'Tennessee counties'!F50 -> 76711 | P30: =$P$2 -> 88358.818 | Q30: =O30-P30 -> -11647.818 | R30: ='Tennessee counties'!G24+'Tennessee counties'!G18+'Tennessee counties'!G50 -> 75144 | S30: =$S$2 -> 99749.03 | T30: =R30-S30 -> -24605.03 | U30: ='Tennessee counties'!H24+'Tennessee counties'!H18+'Tennessee counties'!H50 -> 65975 | V30: =$V$2 -> 108093.61 | W30: =U30-V30 -> -42118.606
A31: 30 | B31: Tipton & Shelby | C31: ='Tennessee counties'!B86+'Tennessee counties'!B80 -> 159561 | D31: =$D$2 -> 61230.788 | E31: =C31-D31 -> 98330.212 | F31: ='Tennessee counties'!C86+'Tennessee counties'!C80 -> 197313 | G31: =$G$2 -> 66205.727 | H31: =F31-G31 -> 131107.27 | I31: ='Tennessee counties'!D86+'Tennessee counties'!D80 -> 229212 | J31: =$J$2 -> 70845 | K31: =I31-J31 -> 158367 | L31: ='Tennessee counties'!E86+'Tennessee counties'!E80 -> 312111 | M31: =$M$2 -> 79289.576 | N31: =L31-M31 -> 232821.42 | O31: ='Tennessee counties'!F86+'Tennessee counties'!F80 -> 364363 | P31: =$P$2 -> 88358.818 | Q31: =O31-P31 -> 276004.18 | R31: ='Tennessee counties'!G86+'Tennessee counties'!G80 -> 487913 | S31: =$S$2 -> 99749.03 | T31: =R31-S31 -> 388163.97 | U31: ='Tennessee counties'!H86+'Tennessee counties'!H80 -> 631933 | V31: =$V$2 -> 108093.61 | W31: =U31-V31 -> 523839.39
A32: 31 | B32: Haywood & Fayette | C32: ='Tennessee counties'!B39+'Tennessee counties'!B25 -> 54890 | D32: =$D$2 -> 61230.788 | E32: =C32-D32 -> -6340.7879 | F32: ='Tennessee counties'!C39+'Tennessee counties'!C25 -> 56167 | G32: =$G$2 -> 66205.727 | H32: =F32-G32 -> -10038.727 | I32: ='Tennessee counties'!D39+'Tennessee counties'!D25 -> 56885 | J32: =$J$2 -> 70845 | K32: =I32-J32 -> -13960 | L32: ='Tennessee counties'!E39+'Tennessee counties'!E25 -> 54954 | M32: =$M$2 -> 79289.576 | N32: =L32-M32 -> -24335.576 | O32: ='Tennessee counties'!F39+'Tennessee counties'!F25 -> 58021 | P32: =$P$2 -> 88358.818 | Q32: =O32-P32 -> -30337.818 | R32: ='Tennessee counties'!G39+'Tennessee counties'!G25 -> 53747 | S32: =$S$2 -> 99749.03 | T32: =R32-S32 -> -46002.03 | U32: ='Tennessee counties'!H39+'Tennessee counties'!H25 -> 47970 | V32: =$V$2 -> 108093.61 | W32: =U32-V32 -> -60123.606
A33: 32 | B33: Shelby | C33: ='Tennessee counties'!B80 -> 153557 | D33: =$D$2 -> 61230.788 | E33: =C33-D33 -> 92326.212 | F33: ='Tennessee counties'!C80 -> 191439 | G33: =$G$2 -> 66205.727 | H33: =F33-G33 -> 125233.27 | I33: ='Tennessee counties'!D80 -> 223216 | J33: =$J$2 -> 70845 | K33: =I33-J33 -> 152371 | L33: ='Tennessee counties'!E80 -> 306482 | M33: =$M$2 -> 79289.576 | N33: =L33-M33 -> 227192.42 | O33: ='Tennessee counties'!F80 -> 358250 | P33: =$P$2 -> 88358.818 | Q33: =O33-P33 -> 269891.18 | R33: ='Tennessee counties'!G80 -> 482393 | S33: =$S$2 -> 99749.03 | T33: =R33-S33 -> 382643.97 | U33: ='Tennessee counties'!H80 -> 627019 | V33: =$V$2 -> 108093.61 | W33: =U33-V33 -> 518925.39
A34: 33 | B34: Shelby | C34: ='Tennessee counties'!B80 -> 153557 | D34: =$D$2 -> 61230.788 | E34: =C34-D34 -> 92326.212 | F34: ='Tennessee counties'!C80 -> 191439 | G34: =$G$2 -> 66205.727 | H34: =F34-G34 -> 125233.27 | I34: ='Tennessee counties'!D80 -> 223216 | J34: =$J$2 -> 70845 | K34: =I34-J34 -> 152371 | L34: ='Tennessee counties'!E80 -> 306482 | M34: =$M$2 -> 79289.576 | N34: =L34-M34 -> 227192.42 | O34: ='Tennessee counties'!F80 -> 358250 | P34: =$P$2 -> 88358.818 | Q34: =O34-P34 -> 269891.18 | R34: ='Tennessee counties'!G80 -> 482393 | S34: =$S$2 -> 99749.03 | T34: =R34-S34 -> 382643.97 | U34: ='Tennessee counties'!H80 -> 627019 | V34: =$V$2 -> 108093.61 | W34: =U34-V34 -> 518925.39
B36: population change since 1900 | C36: =(SUM(C2:C34)/SUM(C2:C34))*100 -> 100 | D36: =(SUM(D2:D34)/SUM(D2:D34))*100 -> 100 | F36: =(SUM(F2:F34)/SUM(C2:C34))*100 -> 112.23114 | G36: =(SUM(G2:G34)/SUM(D2:D34))*100 -> 108.1249 | I36: =(SUM(I2:I34)/SUM(C2:C34))*100 -> 122.91678 | J36: =(SUM(J2:J34)/SUM(D2:D34))*100 -> 115.7016 | L36: =(SUM(L2:L34)/SUM(C2:C34))*100 -> 145.90603 | M36: =(SUM(M2:M34)/SUM(D2:D34))*100 -> 129.49299 | O36: =(SUM(O2:O34)/SUM(C2:C34))*100 -> 164.63611 | P36: =(SUM(P2:P34)/SUM(D2:D34))*100 -> 144.30456 | R36: =(SUM(R2:R34)/SUM(C2:C34))*100 -> 194.10717 | S36: =(SUM(S2:S34)/SUM(D2:D34))*100 -> 162.90666 | U36: =(SUM(U2:U34)/SUM(C2:C34))*100 -> 221.15267 | V36: =(SUM(V2:V34)/SUM(D2:D34))*100 -> 176.53473
